ID,Name,Address,Featured image,Bing Maps URL,Latitude,Longitude,Rating,Rating Info,Category,Open Hours,Website,Phone,Emails,Social Medias,Facebook,Instagram,Twitter
ypid:YN4070x13895314351785308665,Citadines OMR Chennai,"Rajiv Gandhi Salai (OMR), Sholinganallur, 290, Rajiv Gandhi IT Expy, Sholinganallur, Tamil Nadu 600119",https://www.bing.com/th?id=OLC.XDf5CdkKFaQPVg480x360&pid=Local,https://www.bing.com/maps?cp=12.900404930114746%7E80.22718048095703&lvl=17.0&q=Citadines%20OMR%20Chennai%20%2C%20Rajiv%20Gandhi%20Salai%20(OMR)%2C%20Sholinganallur%2C%20290%2C%20Rajiv%20Gandhi%20IT%20Expy%2C%20Sholinganallur%2C%20Tamil%20Nadu%20600119,12.900404930114746,80.22718048095703,4.5,Tripadvisor (542),Hotel,,https://www.discoverasr.com/en/citadines/india/citadines-omr-chennai,044 7111 7111,"JSmith@discoverasr.com,John.S@the-ascott.com,frontoffice.abgc@the-ascott.com,Frontoffice.Cchb@The-Ascott.Com","{""facebook"":""https://www.facebook.com/citadinesomrchennai/"",""instagram"":""https://www.instagram.com/discoverasr/"",""twitter"":""https://twitter.com/discoverasr"",""youtube"":""https://www.youtube.com/discoverasr"",""linkedin"":""https://www.linkedin.com/company/the-ascott-limited""}",https://www.facebook.com/citadinesomrchennai/,https://www.instagram.com/discoverasr/,https://twitter.com/discoverasr
ypid:YN4070x6047055229560531511,Gokulam Park Sabari - OMR,"33, IT Expressway OMR, Near Siruseri Sipcot IT Park, Chennai (Madras) 600130",https://www.bing.com/th?id=OLC.nyhKbzA4KnLMhA480x360&pid=Local,https://www.bing.com/maps?cp=12.84218978881836%7E80.22747039794922&lvl=17.0&q=Gokulam%20Park%20Sabari%20-%20OMR%20%2C%2033%2C%20IT%20Expressway%20OMR%2C%20Near%20Siruseri%20Sipcot%20IT%20Park%2C%20Chennai%20(Madras)%20600130,12.84218978881836,80.22747039794922,4.5,Tripadvisor (503),Hotel,,https://www.gokulamhotels.com/,044 4744 5000,"crs@gokulamhotels.com,sales.kmk@gokulamhotels.com,sales.kochi@gokulamhotels.com,kpo@sarovarhotels.com,fom.kochi@gokulamhotels.com",,,,
ypid:YN4070x4840603114157498523,The Centrepoint,"No: 286, Rajiv Gandhi Salai, Old M, Ahabalipuram Road, Sholinganallur, Chennai, Tamil Nadu 600119",https://www.bing.com/th?id=OLC.hlVx6Lw2rf01/Q480x360&pid=Local,https://www.bing.com/maps?cp=12.910606384277344%7E80.22870635986328&lvl=17.0&q=The%20Centrepoint%20%2C%20No%3A%20286%2C%20Rajiv%20Gandhi%20Salai%2C%20Old%20M%2C%20Ahabalipuram%20Road%2C%20Sholinganallur%2C%20Chennai%2C%20Tamil%20Nadu%20600119,12.910606384277344,80.22870635986328,4,Tripadvisor (137),Hotel,,https://hotelcentrepoint.co.in/,096770 95576,"hr@hotelcentrepoint.co.in,mail@hotelcentrepoint.co.in,shoreconcierge@silversea.com,corporate@lhmh.co.th,balachandar@hotelcentrepoint.co.in","{""facebook"":""https://www.facebook.com/the-centre-point-144029975760058/"",""twitter"":""https://twitter.com/centrepoint1231"",""instagram"":""https://www.instagram.com/thecentrepoint/?hl=en""}",https://www.facebook.com/the-centre-point-144029975760058/,https://www.instagram.com/thecentrepoint/?hl=en,https://twitter.com/centrepoint1231
ypid:YN4070x13243222886638877936,Ginger Chennai OMR,"No 10, OMR Toll Plaza, Navalur, Chennai, Tamil Nadu 600130",https://www.bing.com/th?id=OLC.gm9uZ9NdFu+sIA480x360&pid=Local,https://www.bing.com/maps?cp=12.840314865112305%7E80.2279281616211&lvl=17.0&q=Ginger%20Chennai%20OMR%20%2C%20No%2010%2C%20OMR%20Toll%20Plaza%2C%20Navalur%2C%20Chennai%2C%20Tamil%20Nadu%20600130,12.840314865112305,80.2279281616211,5,Tripadvisor (149),Hotel,,https://www.gingerhotels.com/hotels/ginger-chennai-omr,044 6909 3233,"reservations@gingerhotels.com,aamitsaha@gmail.com,amit.saha@gingerhotels.com,axxx@gingerhotels.com,megha.divekar@gingerhotels.com",,,,
ypid:YN4070x14501701331372954644,Townhouse 1090 Fantasea Hotels Near OMR,"5 Omr, Chennai (Madras) 600119",https://www.bing.com/th?id=OLC.ped9I7DhsSyz2g480x360&pid=Local,https://www.bing.com/maps?cp=12.871902465820312%7E80.22655487060547&lvl=17.0&q=Townhouse%201090%20Fantasea%20Hotels%20Near%20OMR%20%2C%205%20Omr%2C%20Chennai%20(Madras)%20600119,12.871902465820312,80.22655487060547,3,Booking.com (61),Hotel,,https://www.oyorooms.com/189127/,0124 620 1615,"guestsupport.na@oyorooms.com,escalations@oyorooms.com,bookings@oyorooms.com","{""linkedin"":""https://www.linkedin.com/company/oyo-rooms/jobs/"",""facebook"":""https://www.facebook.com/oyoinusa/"",""instagram"":""https://www.instagram.com/oyo.usa/"",""twitter"":""https://twitter.com/oyoamerica"",""youtube"":""https://www.youtube.com/channel/uc3x8hra3zryxa9azilpx7aq/featured?view_as=subscriber/"",""pinterest"":""https://www.pinterest.com/oyorooms/""}",https://www.facebook.com/oyoinusa/,https://www.instagram.com/oyo.usa/,https://twitter.com/oyoamerica
ypid:YN4070x3452434677163975425,Venture Park OMR Thoraipakkam Chennai,"4/410, Rajiv Gandhi Salai, Chandrasekhar Avenue, Thuraipakkam, Chennai, Tamil Nadu 600097",https://www.bing.com/th?id=OLC./2UL4XK9SCzliQ480x360&pid=Local,https://www.bing.com/maps?cp=12.934309005737305%7E80.23278045654297&lvl=17.0&q=Venture%20Park%20OMR%20Thoraipakkam%20Chennai%20%2C%204%2F410%2C%20Rajiv%20Gandhi%20Salai%2C%20Chandrasekhar%20Avenue%2C%20Thuraipakkam%2C%20Chennai%2C%20Tamil%20Nadu%20600097,12.934309005737305,80.23278045654297,3,Tripadvisor (13),Hotel,,https://www.facebook.com/ventureparkindia/,044 2458 1790,,,,,
ypid:YN4070x12902777150679114999,Roundana Residency SIPCOT OMR,"213/2B, Padavettamman Kovil Street, Rajiv Gandhi Salai, Near Roundana, Omr, Kazhipattur, Contact- 9884486695, Chennai (Madras) 603103",,https://www.bing.com/maps?cp=12.881242752075195%7E80.22686004638672&lvl=17.0&q=Roundana%20Residency%20SIPCOT%20OMR%20%2C%20213%2F2B%2C%20Padavettamman%20Kovil%20Street%2C%20Rajiv%20Gandhi%20Salai%2C%20Near%20Roundana%2C%20Omr%2C%20Kazhipattur%2C%20Contact-%209884486695%2C%20Chennai%20(Madras)%20603103,12.881242752075195,80.22686004638672,5,Tripadvisor (6),Hotel,,https://www.prohotel.in/,098844 86695,"sales@prohotel.in,naveenagrand@prohotel.in,hr@prohotel.in.th","{""linkedin"":""https://www.linkedin.com/company/14706683/admin/page-posts/published/"",""facebook"":""https://www.facebook.com/profile.php?id=61562975723193"",""instagram"":""https://www.instagram.com/prohotel.chennai/"",""youtube"":""https://www.youtube.com/@swarnasudarshan9703""}",https://www.facebook.com/profile.php?id=61562975723193,https://www.instagram.com/prohotel.chennai/,
ypid:YN4070x5190889845626699185,OYO Townhouse 684 Admire Suite Omr,"No 1, Navalur, Zone 15 Sholinganallur Tiruporur, Sholinganallur, Chengalpattu, Chennai, Tamil Nadu 600119",https://www.bing.com/th?id=OLC.tPjVISltuOuNeg480x360&pid=Local,https://www.bing.com/maps?cp=12.876283645629883%7E80.22798156738281&lvl=17.0&q=OYO%20Townhouse%20684%20Admire%20Suite%20Omr%20%2C%20No%201%2C%20Navalur%2C%20Zone%2015%20Sholinganallur%20Tiruporur%2C%20Sholinganallur%2C%20Chengalpattu%2C%20Chennai%2C%20Tamil%20Nadu%20600119,12.876283645629883,80.22798156738281,2.5,Agoda (64),Hotel,,https://www.oyorooms.com/162936/?utm_source=Google_gmb&utm_medium=Organic&utm_campaign=CHN1846&latitude=12.8764741037559&longitude=80.2271007187664&locale=en,0124 620 1615,"guestsupport.na@oyorooms.com,vcdesk@oyorooms.com,bookings@oyorooms.com,press@oyorooms.com","{""linkedin"":""https://www.linkedin.com/company/oyo-rooms/jobs/"",""facebook"":""https://www.facebook.com/oyoinusa/"",""instagram"":""https://www.instagram.com/oyo.usa/"",""twitter"":""https://twitter.com/oyoamerica"",""youtube"":""https://www.youtube.com/channel/uc3x8hra3zryxa9azilpx7aq/featured?view_as=subscriber/"",""pinterest"":""https://www.pinterest.com/oyorooms/""}",https://www.facebook.com/oyoinusa/,https://www.instagram.com/oyo.usa/,https://twitter.com/oyoamerica
ypid:YN4070x15185309635308778924,OYO 39354 Bharath Residency,"Bharath Residency, H3, Mondrian Apartment IV Block, 3rd Floor NO 475, Rajivgandhi Salai OMR, Next TO Vestas Company, Chennai, Tamil Nadu 600119",https://www.bing.com/th?id=OLC.xUrUPLJJY2tnhQ480x360&pid=Local,https://www.bing.com/maps?cp=12.904009819030762%7E80.2275161743164&lvl=17.0&q=OYO%2039354%20Bharath%20Residency%20%2C%20Bharath%20Residency%2C%20H3%2C%20Mondrian%20Apartment%20IV%20Block%2C%203rd%20Floor%20NO%20475%2C%20Rajivgandhi%20Salai%20OMR%2C%20Next%20TO%20Vestas%20Company%2C%20Chennai%2C%20Tamil%20Nadu%20600119,12.904009819030762,80.2275161743164,2,Agoda (4),Hotel,,https://www.oyorooms.com/57640/,0124 620 1305,"guestsupport.na@oyorooms.com,vcdesk@oyorooms.com,bookings@oyorooms.com,press@oyorooms.com","{""linkedin"":""https://www.linkedin.com/company/oyo-rooms/jobs/"",""facebook"":""https://www.facebook.com/oyoinusa/"",""instagram"":""https://www.instagram.com/oyo.usa/"",""twitter"":""https://twitter.com/oyoamerica"",""youtube"":""https://www.youtube.com/channel/uc3x8hra3zryxa9azilpx7aq/featured?view_as=subscriber/"",""pinterest"":""https://www.pinterest.com/oyorooms/""}",https://www.facebook.com/oyoinusa/,https://www.instagram.com/oyo.usa/,https://twitter.com/oyoamerica
ypid:YN4070x7596198767931193674,Livn Stays-Unit of Prohotel,"Nehru Nagar, OMR IT Expressway, Adroit Fortune, No:444/2A & B, Sholinganallur, Chennai 600119",https://www.bing.com/th?id=OLC.C2iyVnY7WnNJkA480x360&pid=Local,https://www.bing.com/maps?cp=12.90902042388916%7E80.23175048828125&lvl=17.0&q=Livn%20Stays-Unit%20of%20Prohotel%20%2C%20Nehru%20Nagar%2C%20OMR%20IT%20Expressway%2C%20Adroit%20Fortune%2C%20No%3A444%2F2A%20%26%20B%2C%20Sholinganallur%2C%20Chennai%20600119,12.90902042388916,80.23175048828125,,,Hotel,,,093449 99783,,,,,
ypid:YN4070x10753214352766596423,Stanza Living Tyler House | Unisex PG in Kelambakkam,"1/364, OMR, Padur, Kanchipuram, Chennai, Tamil Nadu 603103",https://www.bing.com/th?id=OLC.ugw9dC6KPhq16g480x360&pid=Local,https://www.bing.com/maps?cp=12.802522659301758%7E80.22357940673828&lvl=17.0&q=Stanza%20Living%20Tyler%20House%20%7C%20Unisex%20PG%20in%20Kelambakkam%20%2C%201%2F364%2C%20OMR%2C%20Padur%2C%20Kanchipuram%2C%20Chennai%2C%20Tamil%20Nadu%20603103,12.802522659301758,80.22357940673828,,,Hotel,,https://www.stanzaliving.com/chennai/pg-in-old-mahabalipuram-road/co_ed/tyler-house,080 4600 7454,"grievances@stanzaliving.com,operations@stanzaliving.com,ping@stanzaliving.com,jane.doe@stanzaliving.com,sxxx@stanzaliving.com,name@stanzaliving.com,name@gmail.com,First.Last@stanzaliving.com",,,,
ypid:YN4070x1349903092391022669,Feel At Home Thoraipakkam Ladies Hostel - Womens PG in Chennai OMR,"Gangai Amman Kovil Street, Near Hotel Geetham, Thoraipakkam, Tamil Nadu 600097",https://www.bing.com/th?id=OLC.Hw0Pqtt5imArBQ480x360&pid=Local,https://www.bing.com/maps?cp=12.945302963256836%7E80.23793029785156&lvl=17.0&q=Feel%20At%20Home%20Thoraipakkam%20Ladies%20Hostel%20-%20Womens%20PG%20in%20Chennai%20OMR%20%2C%20Gangai%20Amman%20Kovil%20Street%2C%20Near%20Hotel%20Geetham%2C%20Thoraipakkam%2C%20Tamil%20Nadu%20600097,12.945302963256836,80.23793029785156,,,Hotel,,https://www.hostelforladies.com/,099620 70699,feelathomeladieshostel@gmail.com,,,,
ypid:YN4070x8525662838446839292,Hotel Ippoh Inn Thoraipakkam,"156, 2nd Street, Near Akdr Signal, Chennai (Madras) 600097",https://www.bing.com/th?id=OLC.zmIcrCyB/mUKxg480x360&pid=Local,https://www.bing.com/maps?cp=12.935052871704102%7E80.23473358154297&lvl=17.0&q=Hotel%20Ippoh%20Inn%20Thoraipakkam%20%2C%20156%2C%202nd%20Street%2C%20Near%20Akdr%20Signal%2C%20Chennai%20(Madras)%20600097,12.935052871704102,80.23473358154297,3.5,Goibibo (8),Hotel,,,070107 07565,,,,,
ypid:YN4070x2050274668710910479,Hotel O Yazhini Inn,"13, South Street, Omr, Navalur, Chennai (Madras) 603103",,https://www.bing.com/maps?cp=12.851591110229492%7E80.22535705566406&lvl=17.0&q=Hotel%20O%20Yazhini%20Inn%20%2C%2013%2C%20South%20Street%2C%20Omr%2C%20Navalur%2C%20Chennai%20(Madras)%20603103,12.851591110229492,80.22535705566406,2,Agoda (13),Hotel,,https://www.oyorooms.com/255928/,0124 620 1615,"guestsupport.na@oyorooms.com,bookings@oyorooms.com,escalations@oyorooms.com,Chenghphuke@gmail.com","{""linkedin"":""https://www.linkedin.com/company/oyo-rooms/jobs/"",""facebook"":""https://www.facebook.com/oyoinusa/"",""instagram"":""https://www.instagram.com/oyo.usa/"",""twitter"":""https://twitter.com/oyoamerica"",""youtube"":""https://www.youtube.com/channel/uc3x8hra3zryxa9azilpx7aq/featured?view_as=subscriber/"",""pinterest"":""https://www.pinterest.com/oyorooms/""}",https://www.facebook.com/oyoinusa/,https://www.instagram.com/oyo.usa/,https://twitter.com/oyoamerica
ypid:YN4070x2880463123989611185,"Feel at Home Ladies Hostel – OMR, Perungudi","32, Rajiv Gandhi Salai, Seevaram, Perungudi, Chennai, Tamil Nadu 600096",https://www.bing.com/th?id=OLC.P7BwLNFSS6W67Q480x360&pid=Local,https://www.bing.com/maps?cp=12.952841758728027%7E80.24226379394531&lvl=17.0&q=Feel%20at%20Home%20Ladies%20Hostel%20%E2%80%93%20OMR%2C%20Perungudi%20%2C%2032%2C%20Rajiv%20Gandhi%20Salai%2C%20Seevaram%2C%20Perungudi%2C%20Chennai%2C%20Tamil%20Nadu%20600096,12.952841758728027,80.24226379394531,,,Hotel,,https://www.hostelforladies.com/,099620 70699,"feelathomeladieshostel@gmail.com,CONTATO@PERFUMEMOTEL.COM.BR",,,,
ypid:YN4070x8513513579983493150,Lotus P.G Services.Guest Accommodation,"H.N.79, 11th Cross, Village High Road, Opp Accenture, Sholinganallur, OMR, Chennai, Tamil Nadu 600119",,https://www.bing.com/maps?cp=12.88302993774414%7E80.22875213623047&lvl=17.0&q=Lotus%20P.G%20Services.Guest%20Accommodation%20%2C%20H.N.79%2C%2011th%20Cross%2C%20Village%20High%20Road%2C%20Opp%20Accenture%2C%20Sholinganallur%2C%20OMR%2C%20Chennai%2C%20Tamil%20Nadu%20600119,12.88302993774414,80.22875213623047,,,Hotel,,https://www.facebook.com/lotuspgservice/,090945 25345,,,,,
ypid:YN4070x1815350234868933265,Coastal Grand Hotels&Resorts OMR Chennai,"No.A028, Casagrand Elan, Thalambur, Navalur, Chennai, Tamil Nadu 600130",https://www.bing.com/th?id=OLC.ijBxSlpQM94jUA480x360&pid=Local,https://www.bing.com/maps?cp=12.8480224609375%7E80.21514892578125&lvl=17.0&q=Coastal%20Grand%20Hotels%26Resorts%20OMR%20Chennai%20%2C%20No.A028%2C%20Casagrand%20Elan%2C%20Thalambur%2C%20Navalur%2C%20Chennai%2C%20Tamil%20Nadu%20600130,12.8480224609375,80.21514892578125,3,Tripadvisor (2),Hotel,,https://coastalgrandhotels.com/chennai_resorts.php,090476 28844,"reservations@coastalgrandhotels.com,bookings.coastalgrand@gmail.com","{""facebook"":""https://www.facebook.com/coastalgrandhotels"",""instagram"":""https://www.instagram.com/coastalgrandhotels/""}",https://www.facebook.com/coastalgrandhotels,https://www.instagram.com/coastalgrandhotels/,
ypid:YN4070x8325072808522860844,Venkateshwara Ladies Hostel,"Lal Bahadur Shastri Street, Chennai, Tamil Nadu 600119",,https://www.bing.com/maps?cp=12.912381172180176%7E80.22956085205078&lvl=17.0&q=Venkateshwara%20Ladies%20Hostel%20%2C%20Lal%20Bahadur%20Shastri%20Street%2C%20Chennai%2C%20Tamil%20Nadu%20600119,12.912381172180176,80.22956085205078,,,Hotel,,,080561 21580,,,,,
ypid:YN4070x17499038726265870321,Stanza Living Vitoria House | Coliving PG in Sholinganallur,"Marutham, River View Residency 2nd St, Karapakkam, Chenaai, Tamil Nadu 600097",https://www.bing.com/th?id=OLC.n+wtk/6aqxFUiw480x360&pid=Local,https://www.bing.com/maps?cp=12.918099403381348%7E80.22752380371094&lvl=17.0&q=Stanza%20Living%20Vitoria%20House%20%7C%20Coliving%20PG%20in%20Sholinganallur%20%2C%20Marutham%2C%20River%20View%20Residency%202nd%20St%2C%20Karapakkam%2C%20Chenaai%2C%20Tamil%20Nadu%20600097,12.918099403381348,80.22752380371094,,,University housing,,https://www.stanzaliving.com/chennai/pg-in-old-mahabalipuram-road/co_ed/vitoria-house,080 4600 7454,"grievances@stanzaliving.com,operations@stanzaliving.com,ping@stanzaliving.com,jane.doe@stanzaliving.com,name@stanzaliving.com,test.account@stanzaliving.com,name@gmail.com,sxxx@stanzaliving.com,First.Last@stanzaliving.com",,,,
ypid:YN4070x15044859927997579536,Shree Kumaran Hotel,"No. 5\330, Okkiyam Pettai, Rajiv Gandhi Salai, Omr, Kancheepuram, Tamil Nadu 600097",https://www.bing.com/th?id=OLC.Si8GI360Dl9gBg480x360&pid=Local,https://www.bing.com/maps?cp=12.926005363464355%7E80.2319107055664&lvl=17.0&q=Shree%20Kumaran%20Hotel%20%2C%20No.%205%5C330%2C%20Okkiyam%20Pettai%2C%20Rajiv%20Gandhi%20Salai%2C%20Omr%2C%20Kancheepuram%2C%20Tamil%20Nadu%20600097,12.926005363464355,80.2319107055664,,,Hotel,,,,,,,,
ypid:YN4070x11309727329945410047,Novotel Chennai OMR,"Rajiv Gandhi Salai | IT Expressway, Sholinganallur, Chennai, Tamil Nadu 603119",https://www.bing.com/th?id=OLC.2iontqyKHPNUCg480x360&pid=Local,https://www.bing.com/maps?cp=12.88838005065918%7E80.22753143310547&lvl=17.0&q=Novotel%20Chennai%20OMR%20%2C%20Rajiv%20Gandhi%20Salai%20%7C%20IT%20Expressway%2C%20Sholinganallur%2C%20Chennai%2C%20Tamil%20Nadu%20603119,12.88838005065918,80.22753143310547,,,Hotel,,,,h6714-re@accor.com,,,,
ypid:YN4070x614033198286499486,Aditi Womens Hostel,"146, Old Mahabalipuram Road, Egattur, Siruseri, Chennai, Tamil Nadu 600119",,https://www.bing.com/maps?cp=12.836262702941895%7E80.22772216796875&lvl=17.0&q=Aditi%20Womens%20Hostel%20%2C%20146%2C%20Old%20Mahabalipuram%20Road%2C%20Egattur%2C%20Siruseri%2C%20Chennai%2C%20Tamil%20Nadu%20600119,12.836262702941895,80.22772216796875,,,Hotel,,http://www.aditigroup.in/women/,098848 90454,info@aditigroup.in,"{""facebook"":""https://www.facebook.com/profile.php?id=100009274378554"",""twitter"":""https://twitter.com/aditiwomens""}",https://www.facebook.com/profile.php?id=100009274378554,,https://twitter.com/aditiwomens
ypid:YN4070x14282360514785584187,Novotel Chennai OMR,"It Expressway, opp. Elcot Sez, Sholinganallur, Tamil Nadu 600119",https://www.bing.com/th?id=OLC.9+LCUcMMB8YBXQ480x360&pid=Local,https://www.bing.com/maps?cp=12.905304908752441%7E80.22933959960938&lvl=17.0&q=Novotel%20Chennai%20OMR%20%2C%20It%20Expressway%2C%20opp.%20Elcot%20Sez%2C%20Sholinganallur%2C%20Tamil%20Nadu%20600119,12.905304908752441,80.22933959960938,4,Agoda (552),Hotel,,https://all.accor.com/hotel/6714/index.en.shtml,044 6644 4777,h6714-re@accor.com,"{""facebook"":""https://www.facebook.com/all/"",""instagram"":""https://www.instagram.com/all"",""twitter"":""https://twitter.com/all"",""pinterest"":""https://www.pinterest.com/all_accorlivelimitless/"",""youtube"":""https://www.youtube.com/all_accorlivelimitless"",""linkedin"":""https://www.linkedin.com/company/all-accorlivelimitless/""}",https://www.facebook.com/all/,https://www.instagram.com/all,https://twitter.com/all
ypid:YN4070x3526567485359925450,Zolo Retro,"Sholinganallur, Near Infosys and Elcot SEZ in Old Mahabalipuram Road, Chennai, Tamil Nadu 600119",https://www.bing.com/th?id=OLC.EAk/G7Qg8F/byg480x360&pid=Local,https://www.bing.com/maps?cp=12.886855125427246%7E80.22863006591797&lvl=17.0&q=Zolo%20Retro%20%2C%20Sholinganallur%2C%20Near%20Infosys%20and%20Elcot%20SEZ%20in%20Old%20Mahabalipuram%20Road%2C%20Chennai%2C%20Tamil%20Nadu%20600119,12.886855125427246,80.22863006591797,,,Hotel,,https://zolostays.com/pg-hostel-near-Sholinganallur-in-Chennai-for-men-Zolo-Retro-ZCH011?utm_source=GMBListing&utm_medium=organic,088801 08010,"ankush.r@zolostays.com,info@zolostays.com,customergrievance@zolostays.com,support@zolostays.com","{""facebook"":""https://www.facebook.com/zolostays"",""youtube"":""https://www.youtube.com/channel/uch_rdjicabtci3hojmn62xg"",""linkedin"":""https://www.linkedin.com/company/zolostays/"",""instagram"":""https://www.instagram.com/zolostays/""}",https://www.facebook.com/zolostays,https://www.instagram.com/zolostays/,
ypid:YN4070x14889832670769826185,Zolo Lake Square,"Plot No.2, Block No:3, Vendravasi Amman Koil Street, Sholinganallur, Road, Karapakkam, Chennai, Tamil Nadu 600097",https://www.bing.com/th?id=OLC.7qJ+afAxui5T6g480x360&pid=Local,https://www.bing.com/maps?cp=12.91038990020752%7E80.23516845703125&lvl=17.0&q=Zolo%20Lake%20Square%20%2C%20Plot%20No.2%2C%20Block%20No%3A3%2C%20Vendravasi%20Amman%20Koil%20Street%2C%20Sholinganallur%2C%20Road%2C%20Karapakkam%2C%20Chennai%2C%20Tamil%20Nadu%20600097,12.91038990020752,80.23516845703125,,,Hotel,,https://www.zolostays.com/pg-hostel-near-karapakkam-in-chennai-zolo_lake_square-zch017,088801 08010,"ankush.r@zolostays.com,info@zolostays.com","{""instagram"":""https://www.instagram.com/zolostays/"",""facebook"":""https://www.facebook.com/zolostays"",""youtube"":""https://www.youtube.com/channel/uch_rdjicabtci3hojmn62xg"",""linkedin"":""https://www.linkedin.com/company/zolostays/""}",https://www.facebook.com/zolostays,https://www.instagram.com/zolostays/,
ypid:YN4070x7492397998180841854,OMR Power Tools&Service,"139, Tools Shop, 1, Rajiv Gandhi Salai, Kancheepuram, Tamil Nadu 600119",https://www.bing.com/th?id=OLC.haY0BJQe5iPmoQ480x360&pid=Local,https://www.bing.com/maps?cp=12.87753963470459%7E80.2272720336914&lvl=17.0&q=OMR%20Power%20Tools%26Service%20%2C%20139%2C%20Tools%20Shop%2C%201%2C%20Rajiv%20Gandhi%20Salai%2C%20Kancheepuram%2C%20Tamil%20Nadu%20600119,12.87753963470459,80.2272720336914,,,Hotel,,,,,,,,
ypid:YN4070x11395382703064714241,Ibis Chennai OMR - An Accor Brand,"Opp. Elcot Sez, IT Expressway, Old Mahabalipuram Rd, Sholinganallur, Chennai, Tamil Nadu 600119",https://www.bing.com/th?id=OLC.2ToNXqcK84QGKw480x360&pid=Local,https://www.bing.com/maps?cp=12.905242919921875%7E80.22919464111328&lvl=17.0&q=Ibis%20Chennai%20OMR%20-%20An%20Accor%20Brand%20%2C%20Opp.%20Elcot%20Sez%2C%20IT%20Expressway%2C%20Old%20Mahabalipuram%20Rd%2C%20Sholinganallur%2C%20Chennai%2C%20Tamil%20Nadu%20600119,12.905242919921875,80.22919464111328,4,Booking.com (2396),Hotel,,,044 6644 4999,,,,,
ypid:YN4070x2027274436250767825,Sri Lakshmi Prasana Venkateshwara Pg,"No. 5, Sv, Sholinganallur, Ezhil Nagar, Sv Nataraja Naicker Street, Kancheepuram, Tamil Nadu 600119",,https://www.bing.com/maps?cp=12.900420188903809%7E80.23155975341797&lvl=17.0&q=Sri%20Lakshmi%20Prasana%20Venkateshwara%20Pg%20%2C%20No.%205%2C%20Sv%2C%20Sholinganallur%2C%20Ezhil%20Nagar%2C%20Sv%20Nataraja%20Naicker%20Street%2C%20Kancheepuram%2C%20Tamil%20Nadu%20600119,12.900420188903809,80.23155975341797,,,Hotel,,https://www.facebook.com/people/Pg-Accomodation-for-Gents-and-Ladies-in-Sholling-Nallur-chennai/100063868875464/,090032 94009,,,,,
ypid:YN4070x5487121951786237608,"Vivanta Chennai, IT Expressway","309, Old Mahabalipuram Road Shollinganur, Chennai, Tamil Nadu 600119",https://www.bing.com/th?id=OLC.xBbiwL3oz6zTAQ480x360&pid=Local,https://www.bing.com/maps?cp=12.905534744262695%7E80.22775268554688&lvl=17.0&q=Vivanta%20Chennai%2C%20IT%20Expressway%20%2C%20309%2C%20Old%20Mahabalipuram%20Road%20Shollinganur%2C%20Chennai%2C%20Tamil%20Nadu%20600119,12.905534744262695,80.22775268554688,4.5,Facebook (9),Hotel,,https://www.vivantahotels.com/en-in/hotels/vivanta-chennai,044 6680 2500,"bookvivanta.chennai@tajhotels.com,reservations.chennai@ihcltata.com",,,,
ypid:YN4070x12814284114660474264,Serene Stays,"No 3/80 omr Road, Chennai 600119",https://www.bing.com/th?id=OLC.uwyHSEjJqMe9Sg480x360&pid=Local,https://www.bing.com/maps?cp=12.874049186706543%7E80.22686004638672&lvl=17.0&q=Serene%20Stays%20%2C%20No%203%2F80%20omr%20Road%2C%20Chennai%20600119,12.874049186706543,80.22686004638672,,,Hotel,,,072000 01208,,,,,
ypid:YN4070x646401492826802513,OYO 41584 Malabar Residency,"170, Odai, Near Infosys, OMR, Sholinganallur, Chennai, Tamil Nadu 600119",https://www.bing.com/th?id=OLC.sAG5NuxXo8an+g480x360&pid=Local,https://www.bing.com/maps?cp=12.886163711547852%7E80.22698974609375&lvl=17.0&q=OYO%2041584%20Malabar%20Residency%20%2C%20170%2C%20Odai%2C%20Near%20Infosys%2C%20OMR%2C%20Sholinganallur%2C%20Chennai%2C%20Tamil%20Nadu%20600119,12.886163711547852,80.22698974609375,,,Hotel,,,0124 620 1305,,,,,
ypid:YN4070x16874344751488690284,Sri Sai Ram Ladies Hostel,"2/282, Sardar Patel Street, Near IOB Bank, Navalur, Chennai, Tamil Nadu 603103",,https://www.bing.com/maps?cp=12.845897674560547%7E80.22731018066406&lvl=17.0&q=Sri%20Sai%20Ram%20Ladies%20Hostel%20%2C%202%2F282%2C%20Sardar%20Patel%20Street%2C%20Near%20IOB%20Bank%2C%20Navalur%2C%20Chennai%2C%20Tamil%20Nadu%20603103,12.845897674560547,80.22731018066406,,,Hotel,,,094452 50477,,,,,
ypid:YN4070x2240814970760596418,O.M.R. PG Accomodation,"161, Kalaignar Karunanidhi Salai, Sholinganallur, Chennai, Tamil Nadu 600097",,https://www.bing.com/maps?cp=12.900138854980469%7E80.22881317138672&lvl=17.0&q=O.M.R.%20PG%20Accomodation%20%2C%20161%2C%20Kalaignar%20Karunanidhi%20Salai%2C%20Sholinganallur%2C%20Chennai%2C%20Tamil%20Nadu%20600097,12.900138854980469,80.22881317138672,,,Hotel,,,099520 19952,,,,,
ypid:YN4070x521357724578117703,OYO Apartments OMR Sholinganallur,"Lancor Apartments, Old Mahabalipuram Road, Near Icici Bank, Sholinganallur, Chennai, Tamil Nadu 600119",https://www.bing.com/th?id=OLC.B7iruGtawxAhFA480x360&pid=Local,https://www.bing.com/maps?cp=12.896897315979004%7E80.22720336914062&lvl=17.0&q=OYO%20Apartments%20OMR%20Sholinganallur%20%2C%20Lancor%20Apartments%2C%20Old%20Mahabalipuram%20Road%2C%20Near%20Icici%20Bank%2C%20Sholinganallur%2C%20Chennai%2C%20Tamil%20Nadu%20600119,12.896897315979004,80.22720336914062,,,Hotel,,,072101 01501,,,,,
ypid:YN4070x17018182924600760503,Pocoyo - Backpackers Hostel -omr,"Villa No. 5a, Nu Prestige Homes, Aishwarayam Villas, Sakthi Garden Main Road, Chennai (Madras) 600097",,https://www.bing.com/maps?cp=12.922619819641113%7E80.23493194580078&lvl=17.0&q=Pocoyo%20-%20Backpackers%20Hostel%20-omr%20%2C%20Villa%20No.%205a%2C%20Nu%20Prestige%20Homes%2C%20Aishwarayam%20Villas%2C%20Sakthi%20Garden%20Main%20Road%2C%20Chennai%20(Madras)%20600097,12.922619819641113,80.23493194580078,4,Agoda (17),Hotel,,,063696 30217,,,,,
ypid:YN4070x8035090473810326281,POCOYO-Backpackers HOSTEL-Omr,"Sakthi Gardens Main Rd, Block 9, Vivekananda Nagar, Thuraipakkam, Chennai, Tamil Nadu 600097",,https://www.bing.com/maps?cp=12.922618865966797%7E80.23493957519531&lvl=17.0&q=POCOYO-Backpackers%20HOSTEL-Omr%20%2C%20Sakthi%20Gardens%20Main%20Rd%2C%20Block%209%2C%20Vivekananda%20Nagar%2C%20Thuraipakkam%2C%20Chennai%2C%20Tamil%20Nadu%20600097,12.922618865966797,80.23493957519531,,,Hotel,,,063696 30217,,,,,
ypid:YN4070x6991681080958235998,OYO 78979 Omr Residency,"Sholinganallur, Aringar Anna Street, Karapakkam, Ward 197, Sholinganallur, Tamil Nadu 600119",https://www.bing.com/th?id=OLC./yz7dE6Dx6pXrQ480x360&pid=Local,https://www.bing.com/maps?cp=12.904239654541016%7E80.22850036621094&lvl=17.0&q=OYO%2078979%20Omr%20Residency%20%2C%20Sholinganallur%2C%20Aringar%20Anna%20Street%2C%20Karapakkam%2C%20Ward%20197%2C%20Sholinganallur%2C%20Tamil%20Nadu%20600119,12.904239654541016,80.22850036621094,,,Hotel,,,,,,,,
ypid:YN4070x11948663084881390676,OM Madhava Womens PG Center (Ladies Hostel),"3, Old Mahabali Puram Road, Govinda Swamy Nagar, Perungudi, Chennai, Tamil Nadu 600096",,https://www.bing.com/maps?cp=12.969474792480469%7E80.24845123291016&lvl=17.0&q=OM%20Madhava%20Womens%20PG%20Center%20(Ladies%20Hostel)%20%2C%203%2C%20Old%20Mahabali%20Puram%20Road%2C%20Govinda%20Swamy%20Nagar%2C%20Perungudi%2C%20Chennai%2C%20Tamil%20Nadu%20600096,12.969474792480469,80.24845123291016,,,Hotel,,http://www.ommadhava.com/,082206 34835,info@ommadhava.com,"{""facebook"":""https://www.facebook.com/ommadhavawomenshostel/""}",https://www.facebook.com/ommadhavawomenshostel/,,
ypid:YN4070x16370391990403946520,Super Collection O OMR Perungudi,"7, Gandhi Street, Swaminathan Nagar, Ward 183, Zone 14 Perungudi, Hotel Near by Turya, Chennai, Tamil Nadu 600063",https://www.bing.com/th?id=OLC.T9lRmUBwuVtM6Q480x360&pid=Local,https://www.bing.com/maps?cp=12.97214412689209%7E80.25091552734375&lvl=17.0&q=Super%20Collection%20O%20OMR%20Perungudi%20%2C%207%2C%20Gandhi%20Street%2C%20Swaminathan%20Nagar%2C%20Ward%20183%2C%20Zone%2014%20Perungudi%2C%20Hotel%20Near%20by%20Turya%2C%20Chennai%2C%20Tamil%20Nadu%20600063,12.97214412689209,80.25091552734375,3,Booking.com (57),Hotel,,https://www.oyorooms.com/215696/,0124 433 0599,"guestsupport.na@oyorooms.com,vcdesk@oyorooms.com,bookings@oyorooms.com,press@oyorooms.com","{""linkedin"":""https://www.linkedin.com/company/oyo-rooms/jobs/"",""facebook"":""https://www.facebook.com/oyoinusa/"",""instagram"":""https://www.instagram.com/oyo.usa/"",""twitter"":""https://twitter.com/oyoamerica"",""youtube"":""https://www.youtube.com/channel/uc3x8hra3zryxa9azilpx7aq/featured?view_as=subscriber/"",""pinterest"":""https://www.pinterest.com/oyorooms/""}",https://www.facebook.com/oyoinusa/,https://www.instagram.com/oyo.usa/,https://twitter.com/oyoamerica
ypid:YN4070x249865268,O.M.R. Ladies Hostel,"63, 2nd Main Road, Tirumalai Nagar, Perungudi, Chennai, Tamil Nadu 600096",,https://www.bing.com/maps?cp=12.959246635437012%7E80.24375915527344&lvl=17.0&q=O.M.R.%20Ladies%20Hostel%20%2C%2063%2C%202nd%20Main%20Road%2C%20Tirumalai%20Nagar%2C%20Perungudi%2C%20Chennai%2C%20Tamil%20Nadu%20600096,12.959246635437012,80.24375915527344,,,Hotel,,,093805 03322,,,,,
ypid:YN4070x634401383325388674,Essentia Premier Hotel Chennai OMR,"71/2, OMR, Rajiv Gandhi Salai, Subbarayan Nagar, Chennai, Tamil Nadu 600097",https://www.bing.com/th?id=OLC.+QkVGM2W8O4wgA480x360&pid=Local,https://www.bing.com/maps?cp=12.951398849487305%7E80.24183654785156&lvl=17.0&q=Essentia%20Premier%20Hotel%20Chennai%20OMR%20%2C%2071%2F2%2C%20OMR%2C%20Rajiv%20Gandhi%20Salai%2C%20Subbarayan%20Nagar%2C%20Chennai%2C%20Tamil%20Nadu%20600097,12.951398849487305,80.24183654785156,5,Tripadvisor (110),Hotel,,https://www.essentiahotels.in/,044 6917 5000,"sales.indore@essentiahotels.in,gm.chennai@essentiahotels.in,info@mysite.com,ados.indore@essentiahotels.in,reservations.udupi@essentiahotels.in,ssm.chennai@essentiahotels.in,reservations.udaipur@essentiahotels.in,reservations.indore@essentiahotels.in,reservations.chennai@essentiahotels.in,reservations.pune@essentiahotels.in,anton.prithvi@ihg.com","{""instagram"":""https://www.instagram.com/essentiahotelsandresorts/"",""linkedin"":""https://www.linkedin.com/company/essentia-hotels-resort"",""twitter"":""https://twitter.com/editorx"",""facebook"":""https://www.facebook.com/people/essentiahotelsandresorts/61558166336390/"",""youtube"":""https://www.youtube.com/channel/ucdjdisp2jxuxbglxahdcpsw""}",https://www.facebook.com/people/essentiahotelsandresorts/61558166336390/,https://www.instagram.com/essentiahotelsandresorts/,https://twitter.com/editorx
ypid:YN4070x12601696431678273072,Stanza Living Santa Rosa House | Coliving PG in Perungudi,"Crescent INN, 68, SH 49, Netaji Nagar, Thiruvanmiyur, Chennai, Tamil Nadu 600041",https://www.bing.com/th?id=OLC.QDpiA8D8vokgVg480x360&pid=Local,https://www.bing.com/maps?cp=12.976029396057129%7E80.25857543945312&lvl=17.0&q=Stanza%20Living%20Santa%20Rosa%20House%20%7C%20Coliving%20PG%20in%20Perungudi%20%2C%20Crescent%20INN%2C%2068%2C%20SH%2049%2C%20Netaji%20Nagar%2C%20Thiruvanmiyur%2C%20Chennai%2C%20Tamil%20Nadu%20600041,12.976029396057129,80.25857543945312,,,University housing,,https://www.stanzaliving.com/chennai/pg-in-old-mahabalipuram-road/co_ed/santa-rosa-house,080 4600 7454,"jane.doe@stanzaliving.com,sxxx@stanzaliving.com,name@stanzaliving.com,name@gmail.com,First.Last@stanzaliving.com,grievances@stanzaliving.com,operations@stanzaliving.com,ping@stanzaliving.com",,,,
ypid:YN4070x4433713668602109813,Raaj Bhaavan Clarks Inn Chennai OMR,"200 Feet Radial Road, MRK Arcade, Chennai, Tamil Nadu 600097",https://www.bing.com/th?id=OLC.96zCbwiJX6txhg480x360&pid=Local,https://www.bing.com/maps?cp=12.949433326721191%7E80.237060546875&lvl=17.0&q=Raaj%20Bhaavan%20Clarks%20Inn%20Chennai%20OMR%20%2C%20200%20Feet%20Radial%20Road%2C%20MRK%20Arcade%2C%20Chennai%2C%20Tamil%20Nadu%20600097,12.949433326721191,80.237060546875,5,Tripadvisor (111),Hotel,,https://www.theclarkshotels.com/raaj-bhaavan-clarks-inn-chennai/?utm_source=Google&utm_medium=GMB,089255 02312,"centralreservations@theclarkshotels.com,info@theclarkscollection.com,gm.somnath@theclarkscollection.com,reservations.kufri@theclarkshotels.com,reservations.rishikesh@theclarkshotels.com,info.ambala@theclarkshotels.com,reservations.celestial@theclarkshotels.com,contracts@theclarkshotels.com,rso.punjab@theclarkshotels.com,rm.east@theclarkshotels.com,amitmohla@theclarkshotels.com,rso.bangalore@theclarkshotels.com,rso.ahmedabad@theclarkshotels.com,association@theclarkshotels.com,reservations.dehradun@theclarkshotels.com,dehradun@theclarkshotels.com,crs@theclarkshotels.com,reservations.mandi@theclarkshotels.com,info@theclarkshotels.com,bookmystay@theclarkshotels.com","{""facebook"":""https://www.facebook.com/theclarkshotelsandresorts"",""linkedin"":""https://www.linkedin.com/company/theclarkshotelsresorts"",""instagram"":""https://www.instagram.com/theclarkshotelsandresorts/"",""youtube"":""https://www.youtube.com/@theclarkshotelsandresorts""}",https://www.facebook.com/theclarkshotelsandresorts,https://www.instagram.com/theclarkshotelsandresorts/,
ypid:YN4070x11646416384867280822,Taj Wellington Mews,"Tril Infopark Limited, Rajiv Gandhi Salai, Tharamani, Chennai, Tamil Nadu 600113",https://www.bing.com/th?id=OLC.JwFUVTmulJEvCA480x360&pid=Local,https://www.bing.com/maps?cp=12.991098403930664%7E80.25016021728516&lvl=17.0&q=Taj%20Wellington%20Mews%20%2C%20Tril%20Infopark%20Limited%2C%20Rajiv%20Gandhi%20Salai%2C%20Tharamani%2C%20Chennai%2C%20Tamil%20Nadu%20600113,12.991098403930664,80.25016021728516,5,Tripadvisor (1186),Hotel,,https://www.tajhotels.com/en-in/hotels/taj-wellington-mews-chennai?utm_source=Google&utm_medium=Local&utm_campaign=Taj-Wellington-Mews-Chennai,044 6614 8899,"innercircle@ihcl.com,innercircle@tajhotels.com,reservations.ahmedabad@tajhotels.com,reservations@ihcltata.com,dpo@tajhotels.com,tphbluebar.del@tajhotels.com,reservations.mumbai@ihcltata.com,businessconnect@ihcltata.com","{""youtube"":""https://www.youtube.com/user/tajmovies"",""facebook"":""https://www.facebook.com/tajhotels/"",""instagram"":""https://www.instagram.com/tajhotels/"",""twitter"":""https://twitter.com/tajhotels"",""linkedin"":""https://www.linkedin.com/company/taj-hotels/""}",https://www.facebook.com/tajhotels/,https://www.instagram.com/tajhotels/,https://twitter.com/tajhotels
ypid:YN4070x15386083974328908310,Sri Mahesh Hotel,"42/A6A, Thirumalai Nagar 1st Main Road, Tirumala Nagar Annexe, Perungudi, Chennai, Tamil Nadu 600096",,https://www.bing.com/maps?cp=12.959834098815918%7E80.24059295654297&lvl=17.0&q=Sri%20Mahesh%20Hotel%20%2C%2042%2FA6A%2C%20Thirumalai%20Nagar%201st%20Main%20Road%2C%20Tirumala%20Nagar%20Annexe%2C%20Perungudi%2C%20Chennai%2C%20Tamil%20Nadu%20600096,12.959834098815918,80.24059295654297,,,Hotel,,https://www.facebook.com/people/Sri-Magesh-Hotel-And-Hostel-Perungudi-OMR/100063839144316/,096001 68989,,,,,
ypid:YN4070x4430370649467581194,D Square Omr,"Egattur, SH 49A, Tirupporur 603103",https://www.bing.com/th?id=OLC.8LdXbyYEuyFBKA480x360&pid=Local,https://www.bing.com/maps?cp=12.959306716918945%7E80.24455261230469&lvl=17.0&q=D%20Square%20Omr%20%2C%20Egattur%2C%20SH%2049A%2C%20Tirupporur%20603103,12.959306716918945,80.24455261230469,4,Agoda (143),Hotel,,,090250 19880,,,,,
ypid:YN4070x14568215620920336738,Zolo Abode - PG in Perungudi | Coliving PG,"25, Seevaram 2nd Street, Perungudi, Chennai, Tamil Nadu 600096",https://www.bing.com/th?id=OLC.TCiI5m6gu7rHIA480x360&pid=Local,https://www.bing.com/maps?cp=12.954511642456055%7E80.24028778076172&lvl=17.0&q=Zolo%20Abode%20-%20PG%20in%20Perungudi%20%7C%20Coliving%20PG%20%2C%2025%2C%20Seevaram%202nd%20Street%2C%20Perungudi%2C%20Chennai%2C%20Tamil%20Nadu%20600096,12.954511642456055,80.24028778076172,,,Hotel,,https://zolostays.com/pg-hostel-near-perungudi-in-chennai-zolo_thrones-zch149,088845 18010,"ankush.r@zolostays.com,info@zolostays.com,customergrievance@zolostays.com,support@zolostays.com","{""facebook"":""https://www.facebook.com/zolostays"",""youtube"":""https://www.youtube.com/channel/uch_rdjicabtci3hojmn62xg"",""linkedin"":""https://www.linkedin.com/company/zolostays/"",""instagram"":""https://www.instagram.com/zolostays/""}",https://www.facebook.com/zolostays,https://www.instagram.com/zolostays/,
ypid:YN4070x8762328100913651686,Treebo Trend Sekaran,"No 14/15, MGR Salai, Perungudi, Chennai, Tamil Nadu 600096",https://www.bing.com/th?id=OLC.j4ZaKfXJqukbqg480x360&pid=Local,https://www.bing.com/maps?cp=12.964510917663574%7E80.24618530273438&lvl=17.0&q=Treebo%20Trend%20Sekaran%20%2C%20No%2014%2F15%2C%20MGR%20Salai%2C%20Perungudi%2C%20Chennai%2C%20Tamil%20Nadu%20600096,12.964510917663574,80.24618530273438,4,Tripadvisor (36),Hotel,,https://www.treebo.com/hotels-in-chennai/treebo-sekaran-perungudi-512/,093228 00100,"JSmith@treebo.com,careers@treebohotels.com,alerts.webbooking@treebohotels.com,careers@treebo.com","{""facebook"":""https://www.facebook.com/treebohotels/"",""twitter"":""https://twitter.com/kaddyiitr"",""linkedin"":""https://www.linkedin.com/company/treebo-hotels/"",""instagram"":""https://www.instagram.com/treebo_hotels/""}",https://www.facebook.com/treebohotels/,https://www.instagram.com/treebo_hotels/,https://twitter.com/kaddyiitr
ypid:YN4070x14368057396055202831,Sekaran Hotel OMR,"14/15 MGR Main Road (OMR) Perungudi, Kandhan Chavady, Chennai 600096",https://www.bing.com/th?id=OLC.BBd3kJMHcDlCdw480x360&pid=Local,https://www.bing.com/maps?cp=12.964520454406738%7E80.24620819091797&lvl=17.0&q=Sekaran%20Hotel%20OMR%20%2C%2014%2F15%20MGR%20Main%20Road%20(OMR)%20Perungudi%2C%20Kandhan%20Chavady%2C%20Chennai%20600096,12.964520454406738,80.24620819091797,2,Booking.com (15),Hotel,,,093831 96079,,,,,
ypid:YN4070x503713872,Adhilakshmi Hostel,"CBI Colony Road, Near Sri Krishna Ladies Hostel, Govinda Swamy Nagar, Perungudi, Chennai, Tamil Nadu 600096",,https://www.bing.com/maps?cp=12.965730667114258%7E80.24372863769531&lvl=17.0&q=Adhilakshmi%20Hostel%20%2C%20CBI%20Colony%20Road%2C%20Near%20Sri%20Krishna%20Ladies%20Hostel%2C%20Govinda%20Swamy%20Nagar%2C%20Perungudi%2C%20Chennai%2C%20Tamil%20Nadu%20600096,12.965730667114258,80.24372863769531,,,Hotel,,,099400 34170,,,,,
ypid:YN4070x11117489077229561610,Sri Lakshmi Narayana Ladies Pg,"No 2, Balagangadhar Tilak Street, Kandhanchavadi, 184, Perungudi, Chennai, Tamil Nadu 600096",https://www.bing.com/th?id=OLC.Kf8b1ITEpjuOWQ480x360&pid=Local,https://www.bing.com/maps?cp=12.968274116516113%7E80.24519348144531&lvl=17.0&q=Sri%20Lakshmi%20Narayana%20Ladies%20Pg%20%2C%20No%202%2C%20Balagangadhar%20Tilak%20Street%2C%20Kandhanchavadi%2C%20184%2C%20Perungudi%2C%20Chennai%2C%20Tamil%20Nadu%20600096,12.968274116516113,80.24519348144531,,,Hotel,,,089392 51228,,,,,
ypid:YN4070x10000905348828205343,Stanza Living Greensboro House | Coliving PG in OMR,"1st St, MGR Salai, Thiruvengadam Nagar, Perungudi, Chennai, Tamil Nadu 600096",,https://www.bing.com/maps?cp=12.971305847167969%7E80.24606323242188&lvl=17.0&q=Stanza%20Living%20Greensboro%20House%20%7C%20Coliving%20PG%20in%20OMR%20%2C%201st%20St%2C%20MGR%20Salai%2C%20Thiruvengadam%20Nagar%2C%20Perungudi%2C%20Chennai%2C%20Tamil%20Nadu%20600096,12.971305847167969,80.24606323242188,,,Hotel,,https://www.stanzaliving.com/chennai/pg-in-old-mahabalipuram-road/co_ed/greensboro-house,080 4600 7454,"jane.doe@stanzaliving.com,sxxx@stanzaliving.com,name@stanzaliving.com,name@gmail.com,First.Last@stanzaliving.com,grievances@stanzaliving.com,operations@stanzaliving.com,ping@stanzaliving.com",,,,
ypid:YN4070x12658192056076101272,Thooral Ladies Hostel,"No.73, Kandhanchavadi, Lakshman Nagar, Sathyamurthi Salai, Chennai, Tamil Nadu 600096",,https://www.bing.com/maps?cp=12.9671049118042%7E80.24895477294922&lvl=17.0&q=Thooral%20Ladies%20Hostel%20%2C%20No.73%2C%20Kandhanchavadi%2C%20Lakshman%20Nagar%2C%20Sathyamurthi%20Salai%2C%20Chennai%2C%20Tamil%20Nadu%20600096,12.9671049118042,80.24895477294922,,,Hotel,,,078718 48656,,,,,
ypid:YN4070x17490809196683221229,Mahalakshmi Ladies Hostel,"22, Swaminathan Nagar 3rd Main Road, Kannappa Nagar Extension, Valmiki Nagar, Chennai, Tamil Nadu 600041",,https://www.bing.com/maps?cp=12.973224639892578%7E80.2543716430664&lvl=17.0&q=Mahalakshmi%20Ladies%20Hostel%20%2C%2022%2C%20Swaminathan%20Nagar%203rd%20Main%20Road%2C%20Kannappa%20Nagar%20Extension%2C%20Valmiki%20Nagar%2C%20Chennai%2C%20Tamil%20Nadu%20600041,12.973224639892578,80.2543716430664,,,Hotel,,,099626 45554,,,,,
ypid:YN4070x2803241740359909358,PM Ladies Hostel,"Rajiv Gandhi Salai, Chennai, Tamil Nadu 600096",,https://www.bing.com/maps?cp=12.95294189453125%7E80.2423324584961&lvl=17.0&q=PM%20Ladies%20Hostel%20%2C%20Rajiv%20Gandhi%20Salai%2C%20Chennai%2C%20Tamil%20Nadu%20600096,12.95294189453125,80.2423324584961,,,Hotel,,,088076 40550,,,,,
ypid:YN4070x9178866800128110508,OYO 19022 Evlewt Omr,"62, Hotel Evlewt by Traditions Hotel, 62, 6th Cross St, MCN Nagar, Thuraipakkam, Chennai, Tamil Nadu 600096",https://www.bing.com/th?id=OLC.QXk5yk3U6Bd/4w480x360&pid=Local,https://www.bing.com/maps?cp=12.961039543151855%7E80.23298645019531&lvl=17.0&q=OYO%2019022%20Evlewt%20Omr%20%2C%2062%2C%20Hotel%20Evlewt%20by%20Traditions%20Hotel%2C%2062%2C%206th%20Cross%20St%2C%20MCN%20Nagar%2C%20Thuraipakkam%2C%20Chennai%2C%20Tamil%20Nadu%20600096,12.961039543151855,80.23298645019531,,,Hotel,,https://www.oyorooms.com/h/42147?utm_source=Bing_bp&utm_medium=listing&utm_campaign=CHN646,0124 620 1305,"guestsupport.na@oyorooms.com,escalations@oyorooms.com,bookings@oyorooms.com",,,,
ypid:YN4070x5370522306196913967,Annapurrnnah Ladies Hostel,"No. 40, Omr, Sholinganallur, Anna Street, Chennai, Tamil Nadu 600119",,https://www.bing.com/maps?cp=12.904045104980469%7E80.23106384277344&lvl=17.0&q=Annapurrnnah%20Ladies%20Hostel%20%2C%20No.%2040%2C%20Omr%2C%20Sholinganallur%2C%20Anna%20Street%2C%20Chennai%2C%20Tamil%20Nadu%20600119,12.904045104980469,80.23106384277344,,,Hotel,,,074017 29299,,,,,
ypid:YN4070x11593001298858790617,OYO Townhouse 054 Thoraipakkam,"7B, 7B 200 Feet Rd Vinayaganagar MCN Nagar Extension Thoraipakkam, Chennai, Tamil Nadu 600097",https://www.bing.com/th?id=OLC.FRE3bvuSuo65KQ480x360&pid=Local,https://www.bing.com/maps?cp=12.95042896270752%7E80.2347412109375&lvl=17.0&q=OYO%20Townhouse%20054%20Thoraipakkam%20%2C%207B%2C%207B%20200%20Feet%20Rd%20Vinayaganagar%20MCN%20Nagar%20Extension%20Thoraipakkam%2C%20Chennai%2C%20Tamil%20Nadu%20600097,12.95042896270752,80.2347412109375,2,Agoda (7),Hotel,,https://www.oyorooms.com/41336/,0124 620 1615,"guestsupport.na@oyorooms.com,escalations@oyorooms.com,bookings@oyorooms.com","{""linkedin"":""https://www.linkedin.com/company/oyo-rooms/jobs/"",""facebook"":""https://www.facebook.com/oyoinusa/"",""instagram"":""https://www.instagram.com/oyo.usa/"",""twitter"":""https://twitter.com/oyoamerica"",""youtube"":""https://www.youtube.com/channel/uc3x8hra3zryxa9azilpx7aq/featured?view_as=subscriber/"",""pinterest"":""https://www.pinterest.com/oyorooms/""}",https://www.facebook.com/oyoinusa/,https://www.instagram.com/oyo.usa/,https://twitter.com/oyoamerica
ypid:YN4070x14008750266299073711,"Sishya Hotels&Service Apartment Thoraipakkam, Chennai OMR, IT Expressway","No.14 B, 2nd St, Alagappa Nagar, Ezhil Nagar, Raj Nagar, Thuraipakkam, Chennai, Tamil Nadu 600097",https://www.bing.com/th?id=OLC.e4mXYWk4ORizhg480x360&pid=Local,https://www.bing.com/maps?cp=12.933717727661133%7E80.23810577392578&lvl=17.0&q=Sishya%20Hotels%26Service%20Apartment%20Thoraipakkam%2C%20Chennai%20OMR%2C%20IT%20Expressway%20%2C%20No.14%20B%2C%202nd%20St%2C%20Alagappa%20Nagar%2C%20Ezhil%20Nagar%2C%20Raj%20Nagar%2C%20Thuraipakkam%2C%20Chennai%2C%20Tamil%20Nadu%20600097,12.933717727661133,80.23810577392578,4.5,Expedia (17),Hotel,,,080561 47777,,,,,
ypid:YN4070x7798345097253723646,Park Plaza Chennai OMR,"142, Rajiv Gandhi Salai, Old Mahabalipuram Road, Thuraipakkam, Chennai, Tamil Nadu 600096",https://www.bing.com/th?id=OLC.O4+MS4Az7rCPoQ480x360&pid=Local,https://www.bing.com/maps?cp=12.9421968460083%7E80.2371826171875&lvl=17.0&q=Park%20Plaza%20Chennai%20OMR%20%2C%20142%2C%20Rajiv%20Gandhi%20Salai%2C%20Old%20Mahabalipuram%20Road%2C%20Thuraipakkam%2C%20Chennai%2C%20Tamil%20Nadu%20600096,12.9421968460083,80.2371826171875,4.5,Tripadvisor (1225),Hotel,,https://www.radissonhotels.com/en-us/hotels/park-plaza-chennai-omr?cid=a:se+b:bng+c:apac+i:local+e:pph+d:ind+h:INTNCHEOMR,044 6140 5555,"appstorereviews@radissonhotels.com,communication.emea@radissonhotels.com,communication.apac@radissonhotels.com,Webxyz@radissonhotels.com,academyonline@radissonhotels.com,ukiwe-academyonline@radissonhotels.com,info.cologne@radissonblu.com,reservations.cologne@radissonblu.com,giftcards@radissonhotels.com,emeadevelopment@radissonhotels.com,DataProtection@radissonhotels.com,at DataProtection@radissonhotels.com,meetings.uk@radissonhotels.com,reservations.golfresort.paris@radissonblu.com,contact.mlv@radissonblu.com,reservations.paris.marnelavallee@radissonblu.com,evenement.mlv@radissonblu.com,concierge.parzd@radissonblu.com,restaurant.parzd@radissonblu.com,wellness.parzd@radissonblu.com,frontoffice.parzd@radissonblu.com,info@radissonhotels.com,WebAPACSales@radissonhotels.com,espace@radissonmbd.com,Webapacdevelopment@radissonhotels.com","{""facebook"":""https://www.facebook.com/2043242269038922/"",""instagram"":""https://www.instagram.com/radissonblu/"",""pinterest"":""https://www.pinterest.com/radissonhotels/"",""twitter"":""https://twitter.com/radissonblu"",""youtube"":""https://www.youtube.com/watch?v=dm3qzok87iq"",""linkedin"":""https://www.linkedin.com/company/radissonblu/""}",https://www.facebook.com/2043242269038922/,https://www.instagram.com/radissonblu/,https://twitter.com/radissonblu
ypid:YN4070x5777254025789442211,Urban Nest Roomz - Thoraipakkam OMR,"5/352, Vimauaga Avenue Urban Nest Roomz Former Ram Residency Saver, Chennai, Tamil Nadu 600097",,https://www.bing.com/maps?cp=12.928339958190918%7E80.2306900024414&lvl=17.0&q=Urban%20Nest%20Roomz%20-%20Thoraipakkam%20OMR%20%2C%205%2F352%2C%20Vimauaga%20Avenue%20Urban%20Nest%20Roomz%20Former%20Ram%20Residency%20Saver%2C%20Chennai%2C%20Tamil%20Nadu%20600097,12.928339958190918,80.2306900024414,2.5,Agoda (14),Hotel,,,074017 83818,,,,,
ypid:YN4070x11367915255968574989,Opal Serviced Residences @ OMR,"Nehru Nagar 1st Main Road, Chandrasekar Nagar, Kottivakkam, Chennai, Tamil Nadu 600041",,https://www.bing.com/maps?cp=12.934450149536133%7E80.23092651367188&lvl=17.0&q=Opal%20Serviced%20Residences%20%40%20OMR%20%2C%20Nehru%20Nagar%201st%20Main%20Road%2C%20Chandrasekar%20Nagar%2C%20Kottivakkam%2C%20Chennai%2C%20Tamil%20Nadu%20600041,12.934450149536133,80.23092651367188,,,Hotel,,,099406 44544,,,,,
ypid:YN4070x9223340015720550943,Sangeetha Gents & Ladies PG hostel,"78 4th Street mcn Nagar Thoraipakkam, Chennai, Tamil Nadu 600097",,https://www.bing.com/maps?cp=12.946249961853027%7E80.23394775390625&lvl=17.0&q=Sangeetha%20Gents%20%26%20Ladies%20PG%20hostel%20%2C%2078%204th%20Street%20mcn%20Nagar%20Thoraipakkam%2C%20Chennai%2C%20Tamil%20Nadu%20600097,12.946249961853027,80.23394775390625,,,Hotel,,https://www.facebook.com/people/Sangeetha-Gents-Ladies-PG-hostel/100054317000004/,081244 03158,,,,,
ypid:YN4070x8036104676845761457,OMR Guest House,"Rajiv Gandhi Road, Near Unix Hall, Gandhi Nagar, Thuraipakkam, Chennai, Tamil Nadu 600097",,https://www.bing.com/maps?cp=12.94163990020752%7E80.23603820800781&lvl=17.0&q=OMR%20Guest%20House%20%2C%20Rajiv%20Gandhi%20Road%2C%20Near%20Unix%20Hall%2C%20Gandhi%20Nagar%2C%20Thuraipakkam%2C%20Chennai%2C%20Tamil%20Nadu%20600097,12.94163990020752,80.23603820800781,,,Hotel,,,098840 12319,,,,,
ypid:YN4070x19605182722432483,SilverKey Executive Stays 20002 OMR Service Rd,"73, 78, Balamurugan Garden 1st Main Rd, Parthasarathy Nagar, Sakthi Nagar, Thuraipakkam, Chennai, Tamil Nadu 600097",https://www.bing.com/th?id=OLC.v+Gy+kejJKq2/A480x360&pid=Local,https://www.bing.com/maps?cp=12.94407844543457%7E80.2403564453125&lvl=17.0&q=SilverKey%20Executive%20Stays%2020002%20OMR%20Service%20Rd%20%2C%2073%2C%2078%2C%20Balamurugan%20Garden%201st%20Main%20Rd%2C%20Parthasarathy%20Nagar%2C%20Sakthi%20Nagar%2C%20Thuraipakkam%2C%20Chennai%2C%20Tamil%20Nadu%20600097,12.94407844543457,80.2403564453125,,,Hotel,,https://www.oyorooms.com/h/19473?utm_source=Bing_bp&utm_medium=listing&utm_campaign=CHN534,0124 620 1615,"guestsupport.na@oyorooms.com,escalations@oyorooms.com,bookings@oyorooms.com",,,,
ypid:YN4070x4030185742967755685,Sri Sai PG,"Rajiv Gandhi Salai, Chennai, Tamil Nadu 600097",,https://www.bing.com/maps?cp=12.939902305603027%7E80.23532104492188&lvl=17.0&q=Sri%20Sai%20PG%20%2C%20Rajiv%20Gandhi%20Salai%2C%20Chennai%2C%20Tamil%20Nadu%20600097,12.939902305603027,80.23532104492188,,,,,,098419 40947,,,,,
ypid:YN4070x10392548505973741989,Nu's Luxury Service Apartment,"No. 157 & 159, Raju Nagar, Thoraipakkam, B&C 1St Street, Chennai, Kancheepuram, Tamil Nadu 600097",,https://www.bing.com/maps?cp=12.935140609741211%7E80.2342758178711&lvl=17.0&q=Nu's%20Luxury%20Service%20Apartment%20%2C%20No.%20157%20%26%20159%2C%20Raju%20Nagar%2C%20Thoraipakkam%2C%20B%26C%201St%20Street%2C%20Chennai%2C%20Kancheepuram%2C%20Tamil%20Nadu%20600097,12.935140609741211,80.2342758178711,,,Hotel,,,099441 01516,,,,,
ypid:YN4070x12243504646100735465,OMR Guest House,"No. 171, Rajiv Gandhi Main Road, Nehru Nagar, Perungudi, Chennai, Tamil Nadu 600041",https://www.bing.com/th?id=OLC.btvF4GqOjEDE3w480x360&pid=Local,https://www.bing.com/maps?cp=12.94277286529541%7E80.23656463623047&lvl=17.0&q=OMR%20Guest%20House%20%2C%20No.%20171%2C%20Rajiv%20Gandhi%20Main%20Road%2C%20Nehru%20Nagar%2C%20Perungudi%2C%20Chennai%2C%20Tamil%20Nadu%20600041,12.94277286529541,80.23656463623047,3,Agoda (5),Hotel,,,097907 42981,,,,,
ypid:YN4070x14337180644647871660,OYO 20002 SilverKey Omr,"1, Balamurugan Garden Street, ओकिकियाम थुरिपक्कम, Tamil Nadu 600097",https://www.bing.com/th?id=OLC.8D6mGswR4MTDjA480x360&pid=Local,https://www.bing.com/maps?cp=12.943092346191406%7E80.2402114868164&lvl=17.0&q=OYO%2020002%20SilverKey%20Omr%20%2C%201%2C%20Balamurugan%20Garden%20Street%2C%20%E0%A4%93%E0%A4%95%E0%A4%BF%E0%A4%95%E0%A4%BF%E0%A4%AF%E0%A4%BE%E0%A4%AE%20%E0%A4%A5%E0%A5%81%E0%A4%B0%E0%A4%BF%E0%A4%AA%E0%A4%95%E0%A5%8D%E0%A4%95%E0%A4%AE%2C%20Tamil%20Nadu%20600097,12.943092346191406,80.2402114868164,,,Hotel,,,,,,,,
ypid:YN4070x14271522759654954088,SilverKey Executive Stays 20013 OMR,"1 & 2, Balavinayagar, Avenue, Pillayar Koil Street, Thuraipakkam, Chennai, Tamil Nadu 600097",https://www.bing.com/th?id=OLC.PoK1p5qTAWZqqA480x360&pid=Local,https://www.bing.com/maps?cp=12.944040298461914%7E80.2358627319336&lvl=17.0&q=SilverKey%20Executive%20Stays%2020013%20OMR%20%2C%201%20%26%202%2C%20Balavinayagar%2C%20Avenue%2C%20Pillayar%20Koil%20Street%2C%20Thuraipakkam%2C%20Chennai%2C%20Tamil%20Nadu%20600097,12.944040298461914,80.2358627319336,4,Yatra (255),Hotel,,https://www.oyorooms.com/h/20334?utm_source=Bing_bp&utm_medium=listing&utm_campaign=CHN549,0124 620 1305,"guestsupport.na@oyorooms.com,escalations@oyorooms.com,bookings@oyorooms.com",,,,
ypid:YN4070x5185498756920892147,Zolo Aura - PG in Perungudi | Unisex PG,"NO6 S.NO 168/3 Telephone Nagar, Thamarai Nagar EXT, Perungudi, Sholinganallur, Chennai, Tamil Nadu 600096",https://www.bing.com/th?id=OLC.s1nBt/JoyyEBLQ480x360&pid=Local,https://www.bing.com/maps?cp=12.950227737426758%7E80.244140625&lvl=17.0&q=Zolo%20Aura%20-%20PG%20in%20Perungudi%20%7C%20Unisex%20PG%20%2C%20NO6%20S.NO%20168%2F3%20Telephone%20Nagar%2C%20Thamarai%20Nagar%20EXT%2C%20Perungudi%2C%20Sholinganallur%2C%20Chennai%2C%20Tamil%20Nadu%20600096,12.950227737426758,80.244140625,,,Hotel,,https://zolostays.com/pg-hostel-near-thoraipakkam-in-chennai-zolo_bohemia-zch014,088845 18010,"info@zolostays.com,customergrievance@zolostays.com,support@zolostays.com,ankush.r@zolostays.com","{""facebook"":""https://www.facebook.com/zolostays"",""youtube"":""https://www.youtube.com/channel/uch_rdjicabtci3hojmn62xg"",""linkedin"":""https://www.linkedin.com/company/zolostays/"",""instagram"":""https://www.instagram.com/zolostays/""}",https://www.facebook.com/zolostays,https://www.instagram.com/zolostays/,
ypid:YN4070x4709036612785101230,Chola House,"21, 22, 23 Chola House, Thoraipakkam 1ST Cross Street, Chennai, Tamil Nadu 600097",,https://www.bing.com/maps?cp=12.945534706115723%7E80.2331771850586&lvl=17.0&q=Chola%20House%20%2C%2021%2C%2022%2C%2023%20Chola%20House%2C%20Thoraipakkam%201ST%20Cross%20Street%2C%20Chennai%2C%20Tamil%20Nadu%20600097,12.945534706115723,80.2331771850586,,,Hotel,,https://www.facebook.com/people/Chola-House/100057088046505/,093629 99955,,,,,
ypid:YN4070x8230830462770479414,Fast Track OMR,"Nooks Villa Thoraipakkam, Sholinganallur, Tamil Nadu 600097",https://www.bing.com/th?id=OLC.eNP7QQs/J+3MUw480x360&pid=Local,https://www.bing.com/maps?cp=12.943373680114746%7E80.23377227783203&lvl=17.0&q=Fast%20Track%20OMR%20%2C%20Nooks%20Villa%20Thoraipakkam%2C%20Sholinganallur%2C%20Tamil%20Nadu%20600097,12.943373680114746,80.23377227783203,,,Hotel,,http://fast-track-omr.hotelsintamilnadu.com/,,,,,,
ypid:YN4070x11822814809210112493,FabExpress KB Residency OMR,"C M W S S B Division 195 Ward 195 Zone 15 Sholinganallur Karappakam Chennai, Chennai 600119",https://www.bing.com/th?id=OLC.7ScNQ7YgAM8cRQ480x360&pid=Local,https://www.bing.com/maps?cp=12.919679641723633%7E80.22796630859375&lvl=17.0&q=FabExpress%20KB%20Residency%20OMR%20%2C%20C%20M%20W%20S%20S%20B%20Division%20195%20Ward%20195%20Zone%2015%20Sholinganallur%20Karappakam%20Chennai%2C%20Chennai%20600119,12.919679641723633,80.22796630859375,,,Hotel,,,,,,,,
ypid:YN4070x14797137727698010744,OYO 6275 the Centre Point,"286, Rajiv Gandhi Salai, Elcot Sez, Sholinganallur, Tamil Nadu 600119",https://www.bing.com/th?id=OLC.xdGy1qtbr/ip0g480x360&pid=Local,https://www.bing.com/maps?cp=12.910479545593262%7E80.22776794433594&lvl=17.0&q=OYO%206275%20the%20Centre%20Point%20%2C%20286%2C%20Rajiv%20Gandhi%20Salai%2C%20Elcot%20Sez%2C%20Sholinganallur%2C%20Tamil%20Nadu%20600119,12.910479545593262,80.22776794433594,4,Agoda (272),Hotel,,https://www.oyorooms.com/h/10458?utm_source=Bing_bp&utm_medium=listing&utm_campaign=CHN347,096770 95576,"guestsupport.na@oyorooms.com,escalations@oyorooms.com,bookings@oyorooms.com",,,,
ypid:YN4070x15105112425171981837,Euphoria Extended Stays - OMR IT Expressway Chennai,"OMR Road Karapakkam, 3/45 Rajiv Gandhi IT Expressway, Next Prestige Cyber Tower, Chennai (Madras) 600097",https://www.bing.com/th?id=OLC.QH6hBSiSU61eoQ480x360&pid=Local,https://www.bing.com/maps?cp=12.9132080078125%7E80.22924041748047&lvl=17.0&q=Euphoria%20Extended%20Stays%20-%20OMR%20IT%20Expressway%20Chennai%20%2C%20OMR%20Road%20Karapakkam%2C%203%2F45%20Rajiv%20Gandhi%20IT%20Expressway%2C%20Next%20Prestige%20Cyber%20Tower%2C%20Chennai%20(Madras)%20600097,12.9132080078125,80.22924041748047,5,Tripadvisor (63),Hotel,,,098844 86611,,,,,
ypid:YN4070x9538337087563311839,Flagship Rannar Service Apartment,"Chandrasekharan Nagar First st, Thoraipakkam, Omr, Chennai, opp.Concorde Spring Meadows, Chennai, Tamil Nadu 600096",https://www.bing.com/th?id=OLC.XEvXPVSQTp8Wmw480x360&pid=Local,https://www.bing.com/maps?cp=12.932769775390625%7E80.22982788085938&lvl=17.0&q=Flagship%20Rannar%20Service%20Apartment%20%2C%20Chandrasekharan%20Nagar%20First%20st%2C%20Thoraipakkam%2C%20Omr%2C%20Chennai%2C%20opp.Concorde%20Spring%20Meadows%2C%20Chennai%2C%20Tamil%20Nadu%20600096,12.932769775390625,80.22982788085938,2,Booking.com (32),Hotel,,https://www.oyorooms.com/175636/?utm_source=Google_gmb&utm_medium=Organic&utm_campaign=CHN1914&latitude=12.9334320852953&longitude=80.2301500551402&locale=en,0124 620 1615,"guestsupport.na@oyorooms.com,vcdesk@oyorooms.com,bookings@oyorooms.com,press@oyorooms.com","{""linkedin"":""https://www.linkedin.com/company/oyo-rooms/jobs/"",""facebook"":""https://www.facebook.com/oyoinusa/"",""instagram"":""https://www.instagram.com/oyo.usa/"",""twitter"":""https://twitter.com/oyoamerica"",""youtube"":""https://www.youtube.com/channel/uc3x8hra3zryxa9azilpx7aq/featured?view_as=subscriber/"",""pinterest"":""https://www.pinterest.com/oyorooms/""}",https://www.facebook.com/oyoinusa/,https://www.instagram.com/oyo.usa/,https://twitter.com/oyoamerica
ypid:YN4070x641782447994544077,Anandham Womens Hostel,"Lal Bahadur Shastri Street, Near Ponnusamy Hotel, Sholinganallur, Chennai, Tamil Nadu 600119",https://www.bing.com/th?id=OLC.YHvaqwkjAW63vQ480x360&pid=Local,https://www.bing.com/maps?cp=12.90573501586914%7E80.22996520996094&lvl=17.0&q=Anandham%20Womens%20Hostel%20%2C%20Lal%20Bahadur%20Shastri%20Street%2C%20Near%20Ponnusamy%20Hotel%2C%20Sholinganallur%2C%20Chennai%2C%20Tamil%20Nadu%20600119,12.90573501586914,80.22996520996094,,,Hotel,,https://www.anandhamwomenshostel.com/branch.html,099404 46666,"info@anandhamwomenshostel.com,rani@anandhamwomenshostel.com",,,,
ypid:YN4070x12376490720727657827,OYO Rooms OMR Karapakkam,"2a/294, Old Mamallapuram Road, Elcot Sez, Karapakkam, Chennai, Tamil Nadu 600119",https://www.bing.com/th?id=OLC.BH074SWgFPmC4Q480x360&pid=Local,https://www.bing.com/maps?cp=12.913220405578613%7E80.22904968261719&lvl=17.0&q=OYO%20Rooms%20OMR%20Karapakkam%20%2C%202a%2F294%2C%20Old%20Mamallapuram%20Road%2C%20Elcot%20Sez%2C%20Karapakkam%2C%20Chennai%2C%20Tamil%20Nadu%20600119,12.913220405578613,80.22904968261719,,,Hotel,,https://www.oyorooms.com/,044 4934 7777,"guestsupport.na@oyorooms.com,escalations@oyorooms.com,bookings@oyorooms.com",,,,
ypid:YN4070x16851502498028197300,FabHotel Lucky Inn Grand Residency by Fab,"3/115, Karapakkam, Chennai, Tamil Nadu 600097",https://www.bing.com/th?id=OLC.KkkW/e/uYBkMNQ480x360&pid=Local,https://www.bing.com/maps?cp=12.912505149841309%7E80.22985076904297&lvl=17.0&q=FabHotel%20Lucky%20Inn%20Grand%20Residency%20by%20Fab%20%2C%203%2F115%2C%20Karapakkam%2C%20Chennai%2C%20Tamil%20Nadu%20600097,12.912505149841309,80.22985076904297,4.5,Expedia (11),Hotel,,https://www.fabhotels.com/hotels-in-chennai/fabhotel-lucky-inn-grand-residency-bfykrhir.html?utm_source=GMB&utm_medium=organic&utm_campaign=GMB_Traffic,070424 24242,"soni.kumari@fabhotels.com,jane.doe@fabhotels.com,partners@fabhotels.com,dpo@fabhotels.com,feedback@fabhotels.com","{""linkedin"":""https://www.linkedin.com/company/fabhotels-com/"",""instagram"":""https://www.instagram.com/fabhotels"",""youtube"":""https://youtube.com/@fabhotelsindia"",""facebook"":""https://www.facebook.com/dialog/send?app_id=426453951070757&link=https://www.fabhotels.com/invite/&redirect_uri=www.fabhotels.com&quote=hi! i am inviting you to get ₹ off on your future bookings at 400+ fabhotels pan-india. register using my referral code  or via this link fabhotels.com/invite/""}",https://www.facebook.com/dialog/send?app_id=426453951070757&link=https://www.fabhotels.com/invite/&redirect_uri=www.fabhotels.com&quote=hi! i am inviting you to get ₹ off on your future bookings at 400+ fabhotels pan-india. register using my referral code  or via this link fabhotels.com/invite/,https://www.instagram.com/fabhotels,
ypid:YN4070x13532363084215408064,Super OYO Le Mint OMR,"No.11/73, C-4 Road, Tnhb, Sholinganallur, Chennai, Tamil Nadu 600119",https://www.bing.com/th?id=OLC.hg51shg8QV0IpQ480x360&pid=Local,https://www.bing.com/maps?cp=12.88060474395752%7E80.2317123413086&lvl=17.0&q=Super%20OYO%20Le%20Mint%20OMR%20%2C%20No.11%2F73%2C%20C-4%20Road%2C%20Tnhb%2C%20Sholinganallur%2C%20Chennai%2C%20Tamil%20Nadu%20600119,12.88060474395752,80.2317123413086,3.5,Agoda (32),Hotel,,https://www.oyorooms.com/56828/,0124 620 1615,"guestsupport.na@oyorooms.com,vcdesk@oyorooms.com,bookings@oyorooms.com,press@oyorooms.com","{""linkedin"":""https://www.linkedin.com/company/oyo-rooms/jobs/"",""facebook"":""https://www.facebook.com/oyoinusa/"",""instagram"":""https://www.instagram.com/oyo.usa/"",""twitter"":""https://twitter.com/oyoamerica"",""youtube"":""https://www.youtube.com/channel/uc3x8hra3zryxa9azilpx7aq/featured?view_as=subscriber/"",""pinterest"":""https://www.pinterest.com/oyorooms/""}",https://www.facebook.com/oyoinusa/,https://www.instagram.com/oyo.usa/,https://twitter.com/oyoamerica
ypid:YN4070x5825178089197436940,Hotel Le Mint OMR,"No.11/73, C-4 Road, T N H B, Sholinganallur, Chennai 600119",https://www.bing.com/th?id=OLC.l64IIspwPRpiqw480x360&pid=Local,https://www.bing.com/maps?cp=12.880677223205566%7E80.23171997070312&lvl=17.0&q=Hotel%20Le%20Mint%20OMR%20%2C%20No.11%2F73%2C%20C-4%20Road%2C%20T%20N%20H%20B%2C%20Sholinganallur%2C%20Chennai%20600119,12.880677223205566,80.23171997070312,3.5,Booking.com (82),Hotel,,,0124 458 8630,,,,,
ypid:YN4070x910823527668179467,Collection O 701743 Yash Inn,"58 Thiruvalluvar Salai, Tnhb, Chennai, Tamil Nadu 600119",https://www.bing.com/th?id=OLC.FJK9jwRUibZDcA480x360&pid=Local,https://www.bing.com/maps?cp=12.876111030578613%7E80.22864532470703&lvl=17.0&q=Collection%20O%20701743%20Yash%20Inn%20%2C%2058%20Thiruvalluvar%20Salai%2C%20Tnhb%2C%20Chennai%2C%20Tamil%20Nadu%20600119,12.876111030578613,80.22864532470703,2,Agoda (7),Hotel,,https://www.oyorooms.com/194252/,0124 620 1615,"guestsupport.na@oyorooms.com,escalations@oyorooms.com,bookings@oyorooms.com","{""linkedin"":""https://www.linkedin.com/company/oyo-rooms/jobs/"",""facebook"":""https://www.facebook.com/oyoinusa/"",""instagram"":""https://www.instagram.com/oyo.usa/"",""twitter"":""https://twitter.com/oyoamerica"",""youtube"":""https://www.youtube.com/channel/uc3x8hra3zryxa9azilpx7aq/featured?view_as=subscriber/"",""pinterest"":""https://www.pinterest.com/oyorooms/""}",https://www.facebook.com/oyoinusa/,https://www.instagram.com/oyo.usa/,https://twitter.com/oyoamerica
ypid:YN4070x252263256,Dawn Ladies Hostel,"5/a6, Narayanaswamy Naicker 2nd Main Road, Nedunchezian Salai, Sholinganallur, Chennai, Tamil Nadu 600119",,https://www.bing.com/maps?cp=12.892000198364258%7E80.23030090332031&lvl=17.0&q=Dawn%20Ladies%20Hostel%20%2C%205%2Fa6%2C%20Narayanaswamy%20Naicker%202nd%20Main%20Road%2C%20Nedunchezian%20Salai%2C%20Sholinganallur%2C%20Chennai%2C%20Tamil%20Nadu%20600119,12.892000198364258,80.23030090332031,,,Hotel,,http://dawnladieshostel.com/contact.html,097908 70296,,,,,
ypid:YN4070x15154055670701843542,Fairfield by Marriott Chennai OMR,"169 Rajiv Gandhi Salai, Old, Mahabalipuram Road, Semmancheri, Chennai, Tamil Nadu 600119",https://www.bing.com/th?id=OLC.2NXsIvqJQDwevw480x360&pid=Local,https://www.bing.com/maps?cp=12.875913619995117%7E80.22714233398438&lvl=17.0&q=Fairfield%20by%20Marriott%20Chennai%20OMR%20%2C%20169%20Rajiv%20Gandhi%20Salai%2C%20Old%2C%20Mahabalipuram%20Road%2C%20Semmancheri%2C%20Chennai%2C%20Tamil%20Nadu%20600119,12.875913619995117,80.22714233398438,4.5,Tripadvisor (648),Hotel,,https://www.marriott.com/en-us/hotels/maafc-fairfield-chennai-omr/overview/,044 6630 0600,,"{""facebook"":""https://www.facebook.com/marriottbonvoy"",""instagram"":""https://www.instagram.com/marriottbonvoy/"",""linkedin"":""https://www.linkedin.com/company/marriott-international"",""twitter"":""https://twitter.com/marriottbonvoy"",""youtube"":""https://www.youtube.com/watch?v=u4e5zjmqj4e""}",https://www.facebook.com/marriottbonvoy,https://www.instagram.com/marriottbonvoy/,https://twitter.com/marriottbonvoy
ypid:YN4070x2251138594415961337,Zolo Meadow View - PG in Navalur| Unisex PG,"Egatoor Natham Link Road, TVH Taus Apartment Egatoor Natham Link Road, Near Egatoor Toll Gate, Navalur, Chennai, Tamil Nadu 600130",https://www.bing.com/th?id=OLC.4dUVZ2EmYe1Omw480x360&pid=Local,https://www.bing.com/maps?cp=12.851127624511719%7E80.23015594482422&lvl=17.0&q=Zolo%20Meadow%20View%20-%20PG%20in%20Navalur%7C%20Unisex%20PG%20%2C%20Egatoor%20Natham%20Link%20Road%2C%20TVH%20Taus%20Apartment%20Egatoor%20Natham%20Link%20Road%2C%20Near%20Egatoor%20Toll%20Gate%2C%20Navalur%2C%20Chennai%2C%20Tamil%20Nadu%20600130,12.851127624511719,80.23015594482422,,,Hotel,,https://zolostays.com/pg-hostel-near-navalur-in-chennai-zolo_meadow_view-zmeav,088845 18010,"info@zolostays.com,customergrievance@zolostays.com,support@zolostays.com,ankush.r@zolostays.com","{""facebook"":""https://www.facebook.com/zolostays"",""youtube"":""https://www.youtube.com/channel/uch_rdjicabtci3hojmn62xg"",""linkedin"":""https://www.linkedin.com/company/zolostays/"",""instagram"":""https://www.instagram.com/zolostays/""}",https://www.facebook.com/zolostays,https://www.instagram.com/zolostays/,
ypid:YN4070x12418538964843092039,Stanza Living Mataro House | Unisex PG in Siruseri,"5, Majestic Layoutpazathotta Salai, Semmencherry, Chennai, Tamil Nadu 603103",https://www.bing.com/th?id=OLC.+ThQVSfpuah1AQ480x360&pid=Local,https://www.bing.com/maps?cp=12.858633995056152%7E80.2289810180664&lvl=17.0&q=Stanza%20Living%20Mataro%20House%20%7C%20Unisex%20PG%20in%20Siruseri%20%2C%205%2C%20Majestic%20Layoutpazathotta%20Salai%2C%20Semmencherry%2C%20Chennai%2C%20Tamil%20Nadu%20603103,12.858633995056152,80.2289810180664,,,University housing,,https://www.stanzaliving.com/chennai/pg-in-old-mahabalipuram-road/co_ed/mataro-house,080 4600 7454,"grievances@stanzaliving.com,operations@stanzaliving.com,ping@stanzaliving.com,jane.doe@stanzaliving.com,sxxx@stanzaliving.com,name@stanzaliving.com,name@gmail.com,First.Last@stanzaliving.com",,,,
ypid:YN4070x11728624790670814690,Engineer’s PG | Boys Hostel | Sholinganallur,"248, Village High Rd, Tnhb, Chennai, Tamil Nadu 600119",,https://www.bing.com/maps?cp=12.882128715515137%7E80.22869110107422&lvl=17.0&q=Engineer%E2%80%99s%20PG%20%7C%20Boys%20Hostel%20%7C%20Sholinganallur%20%2C%20248%2C%20Village%20High%20Rd%2C%20Tnhb%2C%20Chennai%2C%20Tamil%20Nadu%20600119,12.882128715515137,80.22869110107422,,,Hotel,,,082708 88800,,,,,
ypid:YN4070x6278169322685168468,Coastal Grand - OMR Chennai,"3 Palandi Amman St, Navalur, Tamil Nadu 600130",https://www.bing.com/th?id=OLC.e0LCU865nKk+2w480x360&pid=Local,https://www.bing.com/maps?cp=12.847896575927734%7E80.21479797363281&lvl=17.0&q=Coastal%20Grand%20-%20OMR%20Chennai%20%2C%203%20Palandi%20Amman%20St%2C%20Navalur%2C%20Tamil%20Nadu%20600130,12.847896575927734,80.21479797363281,4,Trip (4),Hotel,,,099446 66667,,,,,
ypid:YN4070x12212044962725537888,Sri Rama Sai Ladies Hostel,"Abs Homes 4\210a, Egattur, Omr, Dr Ambedkar St, Chengalpattu, Tamil Nadu 603103",,https://www.bing.com/maps?cp=12.833247184753418%7E80.2280044555664&lvl=17.0&q=Sri%20Rama%20Sai%20Ladies%20Hostel%20%2C%20Abs%20Homes%204%5C210a%2C%20Egattur%2C%20Omr%2C%20Dr%20Ambedkar%20St%2C%20Chengalpattu%2C%20Tamil%20Nadu%20603103,12.833247184753418,80.2280044555664,,,Hotel,,,,,,,,
ypid:YN4070x8231510594545379015,Kumar PG For Gents,"Old Mahabalipuram Road, Near Pitstop Restaurant, Kumaran Nagar, Semmancheri, Chennai, Tamil Nadu 600119",,https://www.bing.com/maps?cp=12.872798919677734%7E80.22736358642578&lvl=17.0&q=Kumar%20PG%20For%20Gents%20%2C%20Old%20Mahabalipuram%20Road%2C%20Near%20Pitstop%20Restaurant%2C%20Kumaran%20Nagar%2C%20Semmancheri%2C%20Chennai%2C%20Tamil%20Nadu%20600119,12.872798919677734,80.22736358642578,,,Hotel,,,044 3389 3387,,,,,
ypid:YN4070x18445128560930443509,ibis Chennai OMR,"Opp. Elcot Sez, It Expressway, Chennai, Tamil Nadu 600119",https://www.bing.com/th?id=OLC.a6fZ+mK+NecTBw480x360&pid=Local,https://www.bing.com/maps?cp=12.905336380004883%7E80.22906494140625&lvl=17.0&q=ibis%20Chennai%20OMR%20%2C%20Opp.%20Elcot%20Sez%2C%20It%20Expressway%2C%20Chennai%2C%20Tamil%20Nadu%20600119,12.905336380004883,80.22906494140625,4.5,Tripadvisor (324),Hotel,,https://all.accor.com/lien_externe.svlt?goto=fiche_hotel&code_hotel=6715&merchantid=seo-maps-en_GB-6715&sourceid=bingmaps&utm_medium=seo+maps&utm_source=bing+maps&utm_campaign=seo+maps,044 6644 4999,h6715-re@accor.com,"{""facebook"":""https://www.facebook.com/all"",""instagram"":""https://instagram.com/all"",""twitter"":""https://twitter.com/all"",""pinterest"":""https://pinterest.com/all_accorlivelimitless/"",""youtube"":""https://www.youtube.com/watch?v=5ko41bmtips"",""linkedin"":""https://www.linkedin.com/company/all-accorlivelimitless/""}",https://www.facebook.com/all,https://instagram.com/all,https://twitter.com/all
ypid:YN4070x5620038979385390380,Hotel O Perumbakkam,"Plot Number 306, Main Road, Near Global Hospita, Perumbakkam, Chennai, Tamil Nadu 600100",https://www.bing.com/th?id=OLC.N+8OThVrCcGLEw480x360&pid=Local,https://www.bing.com/maps?cp=12.903899192810059%7E80.20800018310547&lvl=17.0&q=Hotel%20O%20Perumbakkam%20%2C%20Plot%20Number%20306%2C%20Main%20Road%2C%20Near%20Global%20Hospita%2C%20Perumbakkam%2C%20Chennai%2C%20Tamil%20Nadu%20600100,12.903899192810059,80.20800018310547,2.5,Booking.com (104),Hotel,,https://www.oyorooms.com/229985/,0124 433 0599,"guestsupport.na@oyorooms.com,vcdesk@oyorooms.com,bookings@oyorooms.com,press@oyorooms.com","{""linkedin"":""https://www.linkedin.com/company/oyo-rooms/jobs/"",""facebook"":""https://www.facebook.com/oyoinusa/"",""instagram"":""https://www.instagram.com/oyo.usa/"",""twitter"":""https://twitter.com/oyoamerica"",""youtube"":""https://www.youtube.com/channel/uc3x8hra3zryxa9azilpx7aq/featured?view_as=subscriber/"",""pinterest"":""https://www.pinterest.com/oyorooms/""}",https://www.facebook.com/oyoinusa/,https://www.instagram.com/oyo.usa/,https://twitter.com/oyoamerica
ypid:YN4070x247385740,Supreme Women's Hostel,"54, Nagamani Adigalar Road, Govinda Swamy Nagar, Perungudi, Chennai, Tamil Nadu 600096",,https://www.bing.com/maps?cp=12.971698760986328%7E80.2459716796875&lvl=17.0&q=Supreme%20Women's%20Hostel%20%2C%2054%2C%20Nagamani%20Adigalar%20Road%2C%20Govinda%20Swamy%20Nagar%2C%20Perungudi%2C%20Chennai%2C%20Tamil%20Nadu%20600096,12.971698760986328,80.2459716796875,,,Hotel,,https://www.facebook.com/starwomenshostels/,098414 24655,,,,,
ypid:YN4070x5131143284516625418,Sulekha.com New Media Private Limited,"No. 143, RMZ Millenia Business Park, 2nd Floor, Campus 1A, Dr. MGR Road, Kandanchavady, Perungudi, Chennai, Tamil Nadu 600096",https://www.bing.com/th?id=OLC.Wg14QDnP9akZ2g480x360&pid=Local,https://www.bing.com/maps?cp=12.971124649047852%7E80.2444839477539&lvl=17.0&q=Sulekha.com%20New%20Media%20Private%20Limited%20%2C%20No.%20143%2C%20RMZ%20Millenia%20Business%20Park%2C%202nd%20Floor%2C%20Campus%201A%2C%20Dr.%20MGR%20Road%2C%20Kandanchavady%2C%20Perungudi%2C%20Chennai%2C%20Tamil%20Nadu%20600096,12.971124649047852,80.2444839477539,,,Appliance repair service,,https://www.sulekha.com/,1800 420 1212,"care@sulekha.com,us.sulekha@sulekha.net,packersmoverswala@gmail.com,mohdnoorain51@gmail.com,muthuprakash56@gmail.com,anandinternational2010@yahoo.in,info@princepackers.com,myprofile@sulekha.net,care@sulekha.net,us.sulekha@sulekha.com,ashimaverma.verma79@gmail.com,drguptamm@gmail.com,vishyugal@yahoo.co.in,alimohammadabdiderma@gmail.com,info@muskclinic.com,legal@sulekha.net,interiordecoratordelhi@gmail.com,TAMANNA.SHARMA11@YAHOO.CO.IN","{""twitter"":""https://twitter.com/sulekhadotcom/delhi"",""facebook"":""https://www.facebook.com/homeneedslocalservices/"",""pinterest"":""https://www.pinterest.com/sulekhadotcom//delhi"",""youtube"":""https://www.youtube.com/c/sulekha/delhi"",""linkedin"":""https://in.linkedin.com/company/sulekha.com"",""instagram"":""https://www.instagram.com/sulekhaindia//delhi""}",https://www.facebook.com/homeneedslocalservices/,https://www.instagram.com/sulekhaindia//delhi,https://twitter.com/sulekhadotcom/delhi
ypid:YN4070x10533652842601326904,Hotel Halez,"102, SH 49A, Ezhil Nagar, Sholinganallur, Tamil Nadu 600119",https://www.bing.com/th?id=OLC.8NaI0MJ1I2t9lQ480x360&pid=Local,https://www.bing.com/maps?cp=12.899613380432129%7E80.22882080078125&lvl=17.0&q=Hotel%20Halez%20%2C%20102%2C%20SH%2049A%2C%20Ezhil%20Nagar%2C%20Sholinganallur%2C%20Tamil%20Nadu%20600119,12.899613380432129,80.22882080078125,5,Tripadvisor (232),Hotel,,https://hotelhalez.com/,044 4592 5500,"reservations@hotelhalez.com,samirkumar@hotelhalez.com","{""facebook"":""https://www.facebook.com/hotel-halez-108717838553958"",""twitter"":""https://twitter.com/hotelhalez"",""youtube"":""https://www.youtube.com/channel/ucygcmxltuxrsybn4ughzbla"",""linkedin"":""https://www.linkedin.com/company/82576606"",""instagram"":""https://www.instagram.com/hotelhalez/""}",https://www.facebook.com/hotel-halez-108717838553958,https://www.instagram.com/hotelhalez/,https://twitter.com/hotelhalez
ypid:YN4070x9250093912392133080,Msr Luxury Paying Guest for Ladies,"4\239, Egattur, Siruseri, Thiruporur Block, Gangai Amman Kovil Street, Chennai, Tamil Nadu 603103",,https://www.bing.com/maps?cp=12.806300163269043%7E80.22366333007812&lvl=17.0&q=Msr%20Luxury%20Paying%20Guest%20for%20Ladies%20%2C%204%5C239%2C%20Egattur%2C%20Siruseri%2C%20Thiruporur%20Block%2C%20Gangai%20Amman%20Kovil%20Street%2C%20Chennai%2C%20Tamil%20Nadu%20603103,12.806300163269043,80.22366333007812,,,Hotel,,https://www.msrluxurypg.com/,089399 91922,"msrluxurypg@gmail.com,withmsrluxurypg@gmail.com","{""facebook"":""https://www.facebook.com/msrpgforladies/"",""instagram"":""https://www.instagram.com/msrluxurypg/"",""youtube"":""https://www.youtube.com/@msrluxurypgsiruseri""}",https://www.facebook.com/msrpgforladies/,https://www.instagram.com/msrluxurypg/,
ypid:YN4070x17240732980417046214,Regenta Central RS Chennai OMR Sipcot,"13/ 1 A, OMR, Egattur Village, Near Navalur Toll, Adjacent to Marina Mall, Kanchipuram, Tamil Nadu 603103",https://www.bing.com/th?id=OLC.NlbfFJBqiQIdZA480x360&pid=Local,https://www.bing.com/maps?cp=12.835640907287598%7E80.22882843017578&lvl=17.0&q=Regenta%20Central%20RS%20Chennai%20OMR%20Sipcot%20%2C%2013%2F%201%20A%2C%20OMR%2C%20Egattur%20Village%2C%20Near%20Navalur%20Toll%2C%20Adjacent%20to%20Marina%20Mall%2C%20Kanchipuram%2C%20Tamil%20Nadu%20603103,12.835640907287598,80.22882843017578,5,Tripadvisor (533),Hotel,,https://www.royalorchidhotels.com/regenta-central-rs-chennai/overview,044 4512 5555,"philip@royalorchidhotels.com,marketing@royalorchidhotels.com,sundeep@royalorchidhotels.com,cosec@royalorchidhotels.com,loyalty@royalorchidhotels.com,rooms@royalorchidhotels.com,chennairso@royalorchidhotels.com,srajput@royalorchidhotels.com,sales1.hyd@royalorchidhotels.com,sales.kolkata@royalorchidhotels.com,aditi@royalorchidhotels.com,sales.mumbai@royalorchidhotels.com,metropole@royalorchidhotels.com,dos.mysore@royalorchidhotels.com,sales.punjab@royalorchidhotels.com,reservations.rcrs@royalorchidhotels.com,enquiry@royalorchidhotels.com","{""facebook"":""https://www.facebook.com/royalorchidandregentahotels"",""twitter"":""https://twitter.com/royal_orchid"",""instagram"":""https://www.instagram.com/royalorchidandregentahotels/"",""linkedin"":""https://www.linkedin.com/company/royal-orchid-hotels/""}",https://www.facebook.com/royalorchidandregentahotels,https://www.instagram.com/royalorchidandregentahotels/,https://twitter.com/royal_orchid
ypid:YN4070x7285920691631414053,Mermaid Resorts & Banquets,"No.46, Thaiyur Road, Opp: Rajeswari Nagar, Rajiv Gandhi Salai, Kelambakkam, Tamil Nadu 603103",https://www.bing.com/th?id=OLC.9R+MQPPKogsdHA480x360&pid=Local,https://www.bing.com/maps?cp=12.785564422607422%7E80.21430969238281&lvl=17.0&q=Mermaid%20Resorts%20%26%20Banquets%20%2C%20No.46%2C%20Thaiyur%20Road%2C%20Opp%3A%20Rajeswari%20Nagar%2C%20Rajiv%20Gandhi%20Salai%2C%20Kelambakkam%2C%20Tamil%20Nadu%20603103,12.785564422607422,80.21430969238281,5,Tripadvisor (17),Hotel,,https://southernmermaid.com/,044 2747 5401,"booking@southernmermaid.com,reservation@southernmermaid.com,info@southernmermaid.com,gm@southernmermaid.com","{""facebook"":""https://www.facebook.com/southernmermaid"",""instagram"":""https://www.instagram.com/southernmermaidresort/#"",""youtube"":""https://www.youtube.com/@southernmermaidresorts""}",https://www.facebook.com/southernmermaid,https://www.instagram.com/southernmermaidresort/#,
ypid:YN4070x7945169616176758188,OMR GRAND INN,"Rajiv Gandhi Salai, OMR Road Navalur, 89/1A3, Kanchipuram, Tamil Nadu 600130",https://www.bing.com/th?id=OLC.760NnSxjSrwOIg480x360&pid=Local,https://www.bing.com/maps?cp=12.82280158996582%7E80.23062133789062&lvl=17.0&q=OMR%20GRAND%20INN%20%2C%20Rajiv%20Gandhi%20Salai%2C%20OMR%20Road%20Navalur%2C%2089%2F1A3%2C%20Kanchipuram%2C%20Tamil%20Nadu%20600130,12.82280158996582,80.23062133789062,,,Hotel,,,081244 04025,,,,,
ypid:YN4070x9558856346549326482,Super OYO Hotel O Kelambakkam,"No 10, Near HP Petrol Bunk, Kelambakkam, Chennai, Swami Dayanand Marg Krishna Nagar Jagatpuri, Delhi, Chennai, Tamil Nadu 603103",https://www.bing.com/th?id=OLC.7WpGt/oPSkW5fQ480x360&pid=Local,https://www.bing.com/maps?cp=12.78979206085205%7E80.2229995727539&lvl=17.0&q=Super%20OYO%20Hotel%20O%20Kelambakkam%20%2C%20No%2010%2C%20Near%20HP%20Petrol%20Bunk%2C%20Kelambakkam%2C%20Chennai%2C%20Swami%20Dayanand%20Marg%20Krishna%20Nagar%20Jagatpuri%2C%20Delhi%2C%20Chennai%2C%20Tamil%20Nadu%20603103,12.78979206085205,80.2229995727539,2,Booking.com (81),Hotel,,https://www.oyorooms.com/162751/,0124 620 1615,"guestsupport.na@oyorooms.com,escalations@oyorooms.com,bookings@oyorooms.com","{""linkedin"":""https://www.linkedin.com/company/oyo-rooms/jobs/"",""facebook"":""https://www.facebook.com/oyoinusa/"",""instagram"":""https://www.instagram.com/oyo.usa/"",""twitter"":""https://twitter.com/oyoamerica"",""youtube"":""https://www.youtube.com/channel/uc3x8hra3zryxa9azilpx7aq/featured?view_as=subscriber/"",""pinterest"":""https://www.pinterest.com/oyorooms/""}",https://www.facebook.com/oyoinusa/,https://www.instagram.com/oyo.usa/,https://twitter.com/oyoamerica
ypid:YN4070x1135197699135050793,Mermaid Resort Kelambakkam,"NO46Thaiyur Market Roadkelambakkamkanchipuram Dist-603 103, Chennai 603103",https://www.bing.com/th?id=OLC.JubNxGUgHLCRlA480x360&pid=Local,https://www.bing.com/maps?cp=12.785545349121094%7E80.21466064453125&lvl=17.0&q=Mermaid%20Resort%20Kelambakkam%20%2C%20NO46Thaiyur%20Market%20Roadkelambakkamkanchipuram%20Dist-603%20103%2C%20Chennai%20603103,12.785545349121094,80.21466064453125,4,Agoda (678),Hotel,,,098848 02458,,,,,
ypid:YN4070x513370831,Shelter Beach Resort,"275, Old Mahabalipuram Road, Near Hindustan College Of Arts And Science, Kolapakkam, Chennai, Tamil Nadu 603103",https://www.bing.com/th?id=OLC.L3ih1N32JseNSg480x360&pid=Local,https://www.bing.com/maps?cp=12.747815132141113%7E80.24026489257812&lvl=17.0&q=Shelter%20Beach%20Resort%20%2C%20275%2C%20Old%20Mahabalipuram%20Road%2C%20Near%20Hindustan%20College%20Of%20Arts%20And%20Science%2C%20Kolapakkam%2C%20Chennai%2C%20Tamil%20Nadu%20603103,12.747815132141113,80.24026489257812,4,Tripadvisor (152),Hotel,,https://www.shelterbeachresort.com/,098403 33114,info@shelterbeachresort.com,"{""facebook"":""https://www.facebook.com/shelterbeachresortchennai/"",""twitter"":""https://twitter.com/resortshelter"",""instagram"":""https://www.instagram.com/shelterbeachresort/"",""youtube"":""https://www.youtube.com/embed/q4e_qtw1wkq?rel=0&start=&end=""}",https://www.facebook.com/shelterbeachresortchennai/,https://www.instagram.com/shelterbeachresort/,https://twitter.com/resortshelter
ypid:YN4070x11189181060376425101,Flagship Omr Kelambakkam,"Asvini Atvarika, Kelambakam-Kovalam Road, Chennai, Tamil Nadu 603103",https://www.bing.com/th?id=OLC.iBgr6v6kT9IdAg480x360&pid=Local,https://www.bing.com/maps?cp=12.79002857208252%7E80.22274017333984&lvl=17.0&q=Flagship%20Omr%20Kelambakkam%20%2C%20Asvini%20Atvarika%2C%20Kelambakam-Kovalam%20Road%2C%20Chennai%2C%20Tamil%20Nadu%20603103,12.79002857208252,80.22274017333984,,,Hotel,,https://www.oyorooms.com/hotels-in-Chennai/?utm_source=Google&utm_medium=GMB,0124 620 1615,"guestsupport.na@oyorooms.com,escalations@oyorooms.com,bookings@oyorooms.com",,,,
ypid:YN4070x764247325098329783,OYO Flagship 24454 OMR Hindustan University,"1/364, Shaloam Complex Kelambakkam, Chennai, Tamil Nadu 603103",https://www.bing.com/th?id=OLC.Q06wUTJjQVheJA480x360&pid=Local,https://www.bing.com/maps?cp=12.79419994354248%7E80.22303771972656&lvl=17.0&q=OYO%20Flagship%2024454%20OMR%20Hindustan%20University%20%2C%201%2F364%2C%20Shaloam%20Complex%20Kelambakkam%2C%20Chennai%2C%20Tamil%20Nadu%20603103,12.79419994354248,80.22303771972656,,,Hotel,,https://www.oyorooms.com/h/46609?utm_source=Bing_bp&utm_medium=listing&utm_campaign=CHN702,0124 620 1305,"guestsupport.na@oyorooms.com,escalations@oyorooms.com,bookings@oyorooms.com",,,,
ypid:YN4070x3602702972544433961,Zolo Mayfield - PG in Padur | Unisex PG,"Tvh Ouranya Bay, Rajiv Gandhi Salai, Near Siruseri IT Park, Padur, Chennai, Tamil Nadu 603103",https://www.bing.com/th?id=OLC.o2vbIJPy67TfhA480x360&pid=Local,https://www.bing.com/maps?cp=12.812162399291992%7E80.23018646240234&lvl=17.0&q=Zolo%20Mayfield%20-%20PG%20in%20Padur%20%7C%20Unisex%20PG%20%2C%20Tvh%20Ouranya%20Bay%2C%20Rajiv%20Gandhi%20Salai%2C%20Near%20Siruseri%20IT%20Park%2C%20Padur%2C%20Chennai%2C%20Tamil%20Nadu%20603103,12.812162399291992,80.23018646240234,,,Hotel,,https://zolostays.com/pg-hostel-near-padur-in-chennai-zolo_mayfield-zlmf,088845 18010,"ankush.r@zolostays.com,info@zolostays.com,customergrievance@zolostays.com,support@zolostays.com","{""facebook"":""https://www.facebook.com/zolostays"",""youtube"":""https://www.youtube.com/channel/uch_rdjicabtci3hojmn62xg"",""linkedin"":""https://www.linkedin.com/company/zolostays/"",""instagram"":""https://www.instagram.com/zolostays/""}",https://www.facebook.com/zolostays,https://www.instagram.com/zolostays/,
ypid:YN4070x11123561085466452765,Hotel O Eswar Guest House Padur,"No: 22, OMR Road, Samathuva Nagar Near Gateway International School, Padur, Kelambakkam, Chennai (Madras) 603103",,https://www.bing.com/maps?cp=12.811528205871582%7E80.23341369628906&lvl=17.0&q=Hotel%20O%20Eswar%20Guest%20House%20Padur%20%2C%20No%3A%2022%2C%20OMR%20Road%2C%20Samathuva%20Nagar%20Near%20Gateway%20International%20School%2C%20Padur%2C%20Kelambakkam%2C%20Chennai%20(Madras)%20603103,12.811528205871582,80.23341369628906,3.5,Agoda (19),Hotel,,,,,,,,
ypid:YN4070x7210110994176255546,Shelter Beach Resort - Ecr,"275 East Coast Road Vadanemmeli, Chennai 603104",https://www.bing.com/th?id=OLC.rIZsnNumxvQtWQ480x360&pid=Local,https://www.bing.com/maps?cp=12.745864868164062%7E80.23957824707031&lvl=17.0&q=Shelter%20Beach%20Resort%20-%20Ecr%20%2C%20275%20East%20Coast%20Road%20Vadanemmeli%2C%20Chennai%20603104,12.745864868164062,80.23957824707031,4,Agoda (570),Hotel,,https://www.shelterbeachresort.com/,081488 91298,info@shelterbeachresort.com,"{""facebook"":""https://www.facebook.com/shelterbeachresortchennai/"",""twitter"":""https://twitter.com/resortshelter"",""instagram"":""https://www.instagram.com/shelterbeachresort/"",""youtube"":""https://www.youtube.com/embed/q4e_qtw1wkq?rel=0&start=&end=""}",https://www.facebook.com/shelterbeachresortchennai/,https://www.instagram.com/shelterbeachresort/,https://twitter.com/resortshelter
ypid:YN4070x10725853561759832839,OYO 28622 OMR Stays,"1, 8th Street, Srinivasa Nagar, Kazhipattur, Chennai, Tamil Nadu 603103",https://www.bing.com/th?id=OLC.9+i6EzmW9bVJ/Q480x360&pid=Local,https://www.bing.com/maps?cp=12.818575859069824%7E80.22028350830078&lvl=17.0&q=OYO%2028622%20OMR%20Stays%20%2C%201%2C%208th%20Street%2C%20Srinivasa%20Nagar%2C%20Kazhipattur%2C%20Chennai%2C%20Tamil%20Nadu%20603103,12.818575859069824,80.22028350830078,,,Hotel,,https://www.oyorooms.com/h/49629?latitude=12.81828&longitude=80.22017&locale=en,0124 620 1305,"guestsupport.na@oyorooms.com,escalations@oyorooms.com,bookings@oyorooms.com",,,,
ypid:YN4070x5598666719600888191,OYO 14716 Flagship Asvini Atvarika,"33/5A1, Kovalam Kelambakkam Main Road, Tirupporur 603103",https://www.bing.com/th?id=OLC.+e3NJzbFWRXmCA480x360&pid=Local,https://www.bing.com/maps?cp=12.782601356506348%7E80.23046875&lvl=17.0&q=OYO%2014716%20Flagship%20Asvini%20Atvarika%20%2C%2033%2F5A1%2C%20Kovalam%20Kelambakkam%20Main%20Road%2C%20Tirupporur%20603103,12.782601356506348,80.23046875,,,Hotel,,,093139 31393,,,,,
ypid:YN4070x3325964151730854774,Days Hotel by Wyndham Chennai OMR,"245/1, Old Mahabalipuram Road, Padur, Tamil Nadu 603104",https://www.bing.com/th?id=OLC.zL7FOhXW7J8osA480x360&pid=Local,https://www.bing.com/maps?cp=12.803746223449707%7E80.22496795654297&lvl=17.0&q=Days%20Hotel%20by%20Wyndham%20Chennai%20OMR%20%2C%20245%2F1%2C%20Old%20Mahabalipuram%20Road%2C%20Padur%2C%20Tamil%20Nadu%20603104,12.803746223449707,80.22496795654297,4.5,Tripadvisor (165),Hotel,,https://www.wyndhamhotels.com/en-uk/days-inn/chennai-india/days-hotel-chennai-omr-road/overview?CID=LC:acbkp9kkmt716ab:48440&iata=00093796,044 6730 1444,accessibility@wyndham.com,"{""instagram"":""https://www.instagram.com/daysinn""}",,https://www.instagram.com/daysinn,
ypid:YN4070x13367613349798461332,Stanza Living Coliving PG | Men & Women Hostel | Getafe House in OMR,"New Olive Castle 1, ATS Towers, 4/579, Old Mahabalipuram (IT Corridor), Kottivakkam, Ramalinga Nagar, Chennai, Tamil Nadu 600041",https://www.bing.com/th?id=OLC.bBxOAY3XCHrPNA480x360&pid=Local,https://www.bing.com/maps?cp=12.620781898498535%7E80.19448852539062&lvl=17.0&q=Stanza%20Living%20Coliving%20PG%20%7C%20Men%20%26%20Women%20Hostel%20%7C%20Getafe%20House%20in%20OMR%20%2C%20New%20Olive%20Castle%201%2C%20ATS%20Towers%2C%204%2F579%2C%20Old%20Mahabalipuram%20(IT%20Corridor)%2C%20Kottivakkam%2C%20Ramalinga%20Nagar%2C%20Chennai%2C%20Tamil%20Nadu%20600041,12.620781898498535,80.19448852539062,,,Hotel,,https://www.stanzaliving.com/chennai/pg-in-old-mahabalipuram-road/co_ed/getafe-house,080 4600 7454,"jane.doe@stanzaliving.com,sxxx@stanzaliving.com,name@stanzaliving.com,name@gmail.com,First.Last@stanzaliving.com,grievances@stanzaliving.com,operations@stanzaliving.com,ping@stanzaliving.com",,,,
ypid:YN4070x3247005257305899644,Feel at Home Thoraipakkam Ladies Hostel-Womens Hostel in Chennai,"Gangai Amman Kovil Street, Near Hotel Sangeetha, Thoraipakkam, Tamil Nadu 600097",https://www.bing.com/th?id=OLC.30VHCQ9w+g+AeA480x360&pid=Local,https://www.bing.com/maps?cp=12.945293426513672%7E80.23786163330078&lvl=17.0&q=Feel%20at%20Home%20Thoraipakkam%20Ladies%20Hostel-Womens%20Hostel%20in%20Chennai%20%2C%20Gangai%20Amman%20Kovil%20Street%2C%20Near%20Hotel%20Sangeetha%2C%20Thoraipakkam%2C%20Tamil%20Nadu%20600097,12.945293426513672,80.23786163330078,,,Hotel,,https://www.hostelforladies.com/,099620 70699,"feelathomeladieshostel@gmail.com,CONTATO@PERFUMEMOTEL.COM.BR",,,,